id,created_on,first_name,last_name,email,ip_address,avatar,is_verified,zip_code
1,2021-01-05,Maridel,Pettinger,mpettinger0@dot.gov,89.250.135.187,,FALSE,142451
2,2013-02-21,Joanne,Mouland,jmouland1@whitehouse.gov,,,FALSE,
3,2014-10-18,Lyn,Stocky,lstocky2@dailymail.co.uk,105.18.227.230,,TRUE,
4,2016-04-19,Cathee,Ferenczy,cferenczy3@umn.edu,83.11.16.148,,FALSE,6509
5,2017-12-14,Hogan,Elan,helan4@utexas.edu,65.95.208.60,https://robohash.org/sitexexercitationem.png?size=50x50&set=set1,FALSE,
6,2018-02-26,Tonia,Amyes,tamyes5@wired.com,,,FALSE,870-0002
7,2018-03-07,Miller,Boniface,mboniface6@t.co,246.100.108.42,,TRUE,
8,2013-12-03,Emelen,Crowdace,ecrowdace7@sbwire.com,195.165.132.208,,TRUE,
9,2015-06-02,Carroll,Vamplus,cvamplus8@de.vu,188.33.104.156,,FALSE,361 31
10,2015-11-18,Rozalin,Cronshaw,rcronshaw9@wsj.com,203.216.208.114,,FALSE,
11,2016-10-26,Zechariah,Champneys,zchampneysa@mac.com,92.178.51.85,,TRUE,359050
12,2013-10-15,Jud,Fey,jfeyb@1und1.de,,https://robohash.org/doloremnihilpariatur.png?size=50x50&set=set1,FALSE,
13,2016-06-15,Lezley,Carrol,lcarrolc@yellowbook.com,,,TRUE,44315
14,2018-02-12,Elston,Hixley,ehixleyd@deliciousdays.com,39.163.181.158,https://robohash.org/velitvelitaccusantium.png?size=50x50&set=set1,TRUE,5108
15,2013-09-21,Mattheus,Reims,mreimse@phoca.cz,,https://robohash.org/voluptasfugiatmolestias.png?size=50x50&set=set1,TRUE,
16,2014-03-14,Bard,Fiddler,bfiddlerf@mysql.com,101.37.183.172,,TRUE,97387 CEDEX
17,2016-11-13,Ody,Dransfield,odransfieldg@geocities.jp,,,TRUE,5439
18,2015-09-05,Stevie,Broxis,sbroxish@elpais.com,253.67.198.82,,FALSE,
19,2014-07-27,Matti,,maslotti@360.cn,90.76.67.161,,TRUE,18270-000
20,2017-01-10,Barbabas,Cregg,bcreggj@soup.io,165.85.42.205,https://robohash.org/quonecessitatibusvoluptatem.png?size=50x50&set=set1,FALSE,
21,2014-11-23,Illa,Guihen,iguihenk@so-net.ne.jp,93.20.232.135,,FALSE,
22,2014-01-14,,Quittonden,fquittondenl@yahoo.com,191.227.137.83,,TRUE,
23,2015-06-08,Bail,,bhansem@independent.co.uk,,,FALSE,
24,2015-10-04,Jarrod,Leavesley,jleavesleyn@google.ca,,https://robohash.org/quirepudiandaepariatur.png?size=50x50&set=set1,TRUE,
25,2016-12-06,Devin,Richfield,drichfieldo@intel.com,,https://robohash.org/etillumcupiditate.png?size=50x50&set=set1,FALSE,
26,2016-02-13,Vladamir,Bannester,vbannesterp@e-recht24.de,47.44.82.138,,TRUE,
27,2018-03-24,Bianka,Oleszczak,boleszczakq@reference.com,,,FALSE,
28,2016-01-11,Salvatore,Gutridge,sgutridger@cbc.ca,7.145.190.12,https://robohash.org/sequisitmaiores.png?size=50x50&set=set1,FALSE,43-419
29,2018-02-07,Willi,Pischel,wpischels@devhub.com,234.227.231.47,,FALSE,
30,2017-05-01,Cami,Fearby,cfearbyt@hubpages.com,,,FALSE,
31,2015-01-14,Linell,Joao,ljoaou@a8.net,224.168.36.74,,FALSE,
32,2015-09-13,Marylin,Godney,mgodneyv@i2i.jp,237.127.110.129,,TRUE,
33,2013-10-17,Zorana,,zretterw@goo.gl,3.161.137.236,https://robohash.org/omnisnobisodio.png?size=50x50&set=set1,FALSE,6617
34,2014-09-22,Gratiana,Drinkwater,gdrinkwaterx@phpbb.com,,,FALSE,
35,2015-10-11,Augustine,Runacres,arunacresy@statcounter.com,154.242.151.154,,TRUE,
36,2018-03-05,Mattias,Etches,metchesz@imdb.com,247.78.87.25,,TRUE,
37,2014-12-05,Herta,Salkild,hsalkild10@cafepress.com,91.198.214.104,,TRUE,
38,2017-07-11,Jaclyn,Prugel,jprugel11@tripadvisor.com,84.64.32.15,https://robohash.org/exercitationemnostrumsimilique.png?size=50x50&set=set1,TRUE,
39,2014-07-17,Nettle,Mallord,nmallord12@etsy.com,241.222.202.188,,TRUE,
40,2015-03-12,Marvin,Grodden,mgrodden13@mlb.com,120.10.153.188,,FALSE,
41,2016-02-14,Giles,Betts,gbetts14@4shared.com,,https://robohash.org/quovelnobis.png?size=50x50&set=set1,FALSE,
42,2016-11-27,Wallace,Carlone,wcarlone15@a8.net,,,FALSE,
43,2016-11-04,Bink,,bplatfoot16@census.gov,195.137.191.153,,TRUE,3500
44,2015-02-02,Megan,Stiell,mstiell17@nature.com,112.213.125.100,,TRUE,
45,2015-04-24,,Gwilliam,egwilliam18@paypal.com,226.63.239.200,,FALSE,243126
46,2013-06-22,Hedwiga,Coverlyn,hcoverlyn19@yahoo.com,160.204.189.104,,FALSE,
47,2016-07-15,,Corran,ccorran1a@gravatar.com,227.51.39.142,,FALSE,
48,2014-09-07,Moyna,McInally,mmcinally1b@hao123.com,58.9.242.140,,FALSE,
49,2018-02-16,Betti,Anthoin,banthoin1c@flickr.com,142.139.35.200,https://robohash.org/etimpeditconsequuntur.png?size=50x50&set=set1,FALSE,
50,2016-07-01,Gerald,Lowden,glowden1d@vinaora.com,234.233.255.163,,FALSE,
51,2017-05-18,Taite,Kolodziej,tkolodziej1e@tinypic.com,9.109.89.209,,FALSE,
52,2016-02-07,Jammal,Clausson,jclausson1f@nymag.com,145.70.207.147,,FALSE,
53,2013-10-27,Ivan,Rushton,irushton1g@utexas.edu,103.92.75.217,,TRUE,
54,2014-02-23,Anthiathia,Adamovitz,aadamovitz1h@sina.com.cn,,https://robohash.org/cumrecusandaefugiat.png?size=50x50&set=set1,FALSE,
55,2013-11-15,Clara,Fairney,cfairney1i@ycombinator.com,,https://robohash.org/perferendisvoluptateseaque.png?size=50x50&set=set1,FALSE,
56,2015-04-15,Bernadene,Danielczyk,bdanielczyk1j@slashdot.org,79.139.22.236,,TRUE,
57,2013-07-25,Lyndsey,Oak,loak1k@squarespace.com,191.87.206.178,,TRUE,
58,2015-12-22,Ilysa,Cartledge,icartledge1l@cdbaby.com,200.142.166.127,https://robohash.org/architectoatqueveniam.png?size=50x50&set=set1,FALSE,
59,2014-10-14,Burg,Banbrigge,bbanbrigge1m@goodreads.com,78.229.217.55,,TRUE,
60,2014-05-04,Daren,Risen,drisen1n@desdev.cn,75.43.2.157,,TRUE,
61,2014-10-13,Dorothea,Daldry,ddaldry1o@people.com.cn,19.85.198.224,https://robohash.org/molestiaefugitnesciunt.png?size=50x50&set=set1,TRUE,
62,2015-11-13,Jabez,Wormstone,jwormstone1p@rambler.ru,39.180.118.102,https://robohash.org/avoluptasdelectus.png?size=50x50&set=set1,FALSE,
63,2017-07-21,Lexine,,lyedy1q@deviantart.com,169.200.138.207,,FALSE,
64,2013-07-10,Rafael,Robertz,rrobertz1r@dailymotion.com,76.60.29.88,https://robohash.org/inciduntindolores.png?size=50x50&set=set1,TRUE,131 83
65,2013-10-22,Hazlett,Kingsland,hkingsland1s@amazon.com,62.93.142.137,https://robohash.org/sedquasiamet.png?size=50x50&set=set1,TRUE,
66,2014-06-01,Carleen,Abbess,cabbess1t@nba.com,,,FALSE,
67,2013-04-17,Sybille,,sphilps1u@livejournal.com,,,FALSE,9614
68,2015-08-04,Leodora,Donnelly,ldonnelly1v@printfriendly.com,185.238.95.60,,FALSE,
69,2014-07-24,Shurlocke,Springford,sspringford1w@shareasale.com,85.193.9.88,,FALSE,
70,2015-10-06,Ana,Colter,acolter1x@example.com,,,TRUE,
71,2015-01-02,Herc,Duckfield,hduckfield1y@google.pl,102.55.149.34,https://robohash.org/molestiasullamvoluptatem.png?size=50x50&set=set1,TRUE,
72,2015-01-28,Elenore,Ritmeyer,eritmeyer1z@ustream.tv,,,TRUE,68004 CEDEX
73,2013-07-06,Kinsley,,kstopps20@spiegel.de,157.198.32.21,https://robohash.org/suntvelitculpa.png?size=50x50&set=set1,FALSE,
74,2015-02-28,Evered,Illes,eilles21@cocolog-nifty.com,136.184.71.109,https://robohash.org/animirepudiandaemolestias.png?size=50x50&set=set1,FALSE,
75,2016-08-17,Sarena,Phelan,sphelan22@omniture.com,,,TRUE,
76,2013-08-04,Emmey,Lampens,elampens23@digg.com,86.97.1.169,,TRUE,
77,2014-02-11,Cristy,De Hailes,cdehailes24@exblog.jp,85.228.235.246,,TRUE,693 30
78,2013-07-14,Faunie,Fomichkin,ffomichkin25@google.com.br,,,FALSE,90610
79,2014-05-20,Viva,Basillon,vbasillon26@woothemes.com,198.174.38.35,,TRUE,
80,2017-05-28,Angus,Joplin,ajoplin27@walmart.com,164.34.251.202,,FALSE,
81,2013-04-01,Al,Daintree,adaintree28@eventbrite.com,,https://robohash.org/nisivoluptatibusest.png?size=50x50&set=set1,FALSE,62576
82,2017-08-11,Marty,Birney,mbirney29@is.gd,151.139.95.136,,FALSE,
83,2015-05-19,Ellsworth,,ebealing2a@ning.com,,,TRUE,
84,2013-04-22,Keslie,Harcombe,kharcombe2b@google.ca,,https://robohash.org/eosveleius.png?size=50x50&set=set1,TRUE,
85,2014-05-17,Jeramie,,jmccaughan2c@networksolutions.com,,https://robohash.org/utvelitnihil.png?size=50x50&set=set1,FALSE,
86,2013-02-28,Irving,Antao,iantao2d@list-manage.com,27.205.100.117,,FALSE,R21
87,2017-05-03,Emalee,Llewelyn,ellewelyn2e@indiegogo.com,148.13.71.18,,FALSE,62723
88,2015-10-23,Friedrick,Delacour,fdelacour2f@usa.gov,61.237.254.117,,TRUE,
89,2014-01-08,Redd,Jeenes,rjeenes2g@typepad.com,23.9.208.21,,TRUE,
90,2013-06-28,Clim,Aitken,caitken2h@creativecommons.org,132.2.231.13,https://robohash.org/nesciuntducimusalias.png?size=50x50&set=set1,TRUE,
91,2014-01-06,Pacorro,Mellmer,pmellmer2i@biblegateway.com,162.213.89.140,,TRUE,
92,2016-08-07,Ianthe,Snelle,isnelle2j@unblog.fr,182.218.216.68,,FALSE,
93,2014-08-02,Alikee,Di Giorgio,adigiorgio2k@meetup.com,23.229.253.68,,TRUE,
94,2015-07-26,Wake,Jensen,wjensen2l@bloglovin.com,94.35.103.57,https://robohash.org/ininciduntveniam.png?size=50x50&set=set1,FALSE,
95,2013-06-14,Henri,Lemmers,hlemmers2m@wix.com,,,FALSE,
96,2014-11-27,Davina,Walesa,dwalesa2n@t.co,54.78.76.36,https://robohash.org/quidolorumest.png?size=50x50&set=set1,FALSE,
97,2017-07-26,Ave,,ahawkings2o@xinhuanet.com,247.69.214.172,,FALSE,5050-401
98,2017-07-25,Keen,Roggerone,kroggerone2p@tuttocitta.it,,,FALSE,
99,2015-02-06,Doyle,Meany,dmeany2q@printfriendly.com,173.119.249.205,,TRUE,
100,2016-04-23,Astrid,Leverington,aleverington2r@usnews.com,190.91.226.173,,FALSE,
101,2017-04-15,Noach,Fogt,nfogt2s@vkontakte.ru,,,FALSE,
102,2013-03-11,Deeyn,Heisler,dheisler2t@tumblr.com,19.18.185.15,,TRUE,
103,2013-01-27,Hymie,,hthoms2u@bluehost.com,226.99.145.201,,FALSE,66605 CEDEX
104,2017-04-27,Jean,Twinborne,jtwinborne2v@ehow.com,69.223.150.132,,FALSE,44-290
105,2017-09-22,Drona,Ludwell,dludwell2w@cocolog-nifty.com,,,FALSE,
106,2016-02-11,Byran,Foffano,bfoffano2x@fema.gov,104.118.156.143,,FALSE,
107,2017-10-09,,O'Keeffe,bokeeffe2y@networksolutions.com,94.228.36.165,https://robohash.org/deseruntutearum.png?size=50x50&set=set1,TRUE,
108,2013-06-07,Susanna,Junifer,sjunifer2z@nps.gov,91.24.36.160,https://robohash.org/magnampariaturqui.png?size=50x50&set=set1,FALSE,
109,2016-11-27,Reinwald,Bell,rbell30@taobao.com,,,FALSE,
110,2017-10-10,Jillie,Affron,jaffron31@xing.com,,,TRUE,
111,2013-04-14,Doy,McGown,dmcgown32@technorati.com,42.176.14.72,,TRUE,79480
112,2016-06-18,,Crowche,rcrowche33@facebook.com,92.43.67.145,,FALSE,
113,2014-08-22,Klara,Wales,kwales34@tumblr.com,122.38.213.225,,TRUE,
114,2013-08-23,Egon,Timby,etimby35@hexun.com,137.40.91.77,,FALSE,4950-642
115,2013-04-16,Normie,Gillfillan,ngillfillan36@lulu.com,6.143.94.227,,FALSE,
116,2015-01-04,Sarena,McQuaide,smcquaide37@cam.ac.uk,52.64.92.11,,FALSE,51086 CEDEX
117,2017-05-06,Nikkie,Chasles,nchasles38@pen.io,37.109.149.102,,FALSE,
118,2014-09-15,Salvidor,Billham,sbillham39@narod.ru,,https://robohash.org/necessitatibusomnisnisi.png?size=50x50&set=set1,FALSE,
119,2017-04-17,Randa,Thew,rthew3a@phoca.cz,,,FALSE,
120,2017-09-07,Emera,Sproule,esproule3b@epa.gov,,https://robohash.org/nihilvoluptatumaut.png?size=50x50&set=set1,FALSE,
121,2013-09-27,Shani,Hargreves,shargreves3c@usatoday.com,26.27.80.100,https://robohash.org/voluptatumnumquamodio.png?size=50x50&set=set1,TRUE,
122,2014-07-04,Jarvis,Treswell,jtreswell3d@instagram.com,28.226.21.8,,FALSE,
123,2018-05-24,,Richardson,frichardson3e@sohu.com,82.189.196.5,,FALSE,42250
124,2016-11-12,Allis,Pretswell,apretswell3f@bravesites.com,77.167.118.192,,TRUE,
125,2014-02-11,Tommy,Grzeskowski,tgrzeskowski3g@bloomberg.com,183.109.180.9,,TRUE,
126,2017-11-08,Kendricks,Gresly,kgresly3h@nymag.com,162.201.235.251,,FALSE,
127,2014-07-26,Michaela,Duckitt,mduckitt3i@rambler.ru,,https://robohash.org/reruminciduntnon.png?size=50x50&set=set1,FALSE,5903
128,2016-03-08,Corliss,Woolens,cwoolens3j@merriam-webster.com,185.139.92.171,,TRUE,
129,2015-04-16,Velvet,Filippozzi,vfilippozzi3k@ning.com,195.59.86.190,,TRUE,
130,2016-04-05,Belia,Dickey,bdickey3l@dailymotion.com,101.41.227.141,,FALSE,
131,2018-01-15,Annissa,Filipczynski,afilipczynski3m@jalbum.net,248.31.80.20,https://robohash.org/molestiaeidmagni.png?size=50x50&set=set1,FALSE,
132,2014-03-19,Hedi,Meriel,hmeriel3n@dell.com,,,FALSE,
133,2015-07-10,Genvieve,Atchly,gatchly3o@cornell.edu,127.125.152.196,,FALSE,
134,2017-04-02,Minnie,Bellay,mbellay3p@4shared.com,,https://robohash.org/quidemplaceatnon.png?size=50x50&set=set1,FALSE,
135,2015-04-07,Ermengarde,Vyse,evyse3q@un.org,117.108.153.29,,TRUE,
136,2017-01-05,Auberta,Carlesi,acarlesi3r@seattletimes.com,224.113.151.102,,FALSE,13509
137,2013-03-22,Selby,Awton,sawton3s@sphinn.com,227.150.254.214,,FALSE,
138,2013-05-25,Barbaraanne,Winridge,bwinridge3t@phpbb.com,,https://robohash.org/consequunturalibero.png?size=50x50&set=set1,FALSE,22510
139,2016-04-19,Farley,Baskerville,fbaskerville3u@tiny.cc,230.167.215.24,https://robohash.org/liberofugiatveniam.png?size=50x50&set=set1,FALSE,
140,2016-09-13,Eb,Folonin,efolonin3v@wp.com,15.178.249.3,,TRUE,
141,2013-01-07,Donica,Martijn,dmartijn3w@answers.com,38.90.92.82,,FALSE,
142,2014-02-09,Alvy,Marconi,amarconi3x@vistaprint.com,93.1.108.118,,TRUE,
143,2013-02-23,Matty,Waison,mwaison3y@sourceforge.net,137.53.39.59,,FALSE,
144,2015-09-21,Oralla,Dantesia,odantesia3z@sphinn.com,69.111.105.91,,TRUE,
145,2013-12-10,Eddie,Bowbrick,ebowbrick40@amazon.com,,,FALSE,
146,2016-03-13,Tate,Rydings,trydings41@ft.com,87.152.33.175,,FALSE,
147,2017-01-17,Jules,Pettipher,jpettipher42@marriott.com,,,FALSE,
148,2014-11-27,Dee,Magnay,dmagnay43@springer.com,162.150.186.165,https://robohash.org/quisquametperspiciatis.png?size=50x50&set=set1,TRUE,
149,2015-01-22,Zarla,Wilne,zwilne44@wufoo.com,181.140.18.102,,FALSE,6417
150,2014-12-28,Tally,Decourcy,tdecourcy45@goodreads.com,150.7.23.137,,FALSE,
151,2015-11-17,Junie,Carcass,jcarcass46@pbs.org,125.36.97.24,,TRUE,
152,2013-03-14,Beatrice,Dowyer,bdowyer47@php.net,175.89.35.90,https://robohash.org/possimusomnisfacere.png?size=50x50&set=set1,FALSE,
153,2016-07-14,Wells,Hutchin,whutchin48@google.it,,https://robohash.org/quiarchitectoassumenda.png?size=50x50&set=set1,TRUE,
154,2017-06-19,Mada,,mmcbride49@soundcloud.com,240.99.176.88,,TRUE,05-090
155,2016-08-14,Marmaduke,Dunbar,mdunbar4a@desdev.cn,,,FALSE,
156,2016-12-24,Rona,Vye,rvye4b@geocities.com,104.191.174.150,,TRUE,
157,2018-02-08,Neilla,Eykelhof,neykelhof4c@un.org,244.25.4.192,,TRUE,5043
158,2016-09-16,Mariska,Bertelet,mbertelet4d@theglobeandmail.com,160.211.248.116,https://robohash.org/ametetvoluptas.png?size=50x50&set=set1,FALSE,
159,2013-07-25,Neron,,nchelnam4e@behance.net,105.243.237.61,,TRUE,
160,2014-07-07,Monica,Seedman,mseedman4f@nih.gov,,,TRUE,
161,2014-06-27,Lynnette,Steinson,lsteinson4g@addtoany.com,100.38.34.101,https://robohash.org/undequidolor.png?size=50x50&set=set1,TRUE,
162,2013-11-05,Emmy,Crann,ecrann4h@cyberchimps.com,,,TRUE,
163,2018-04-10,Moina,Curnock,mcurnock4i@discuz.net,36.106.102.112,,FALSE,
164,2014-01-06,Reynolds,Briggs,rbriggs4j@slate.com,,https://robohash.org/repellenduseasint.png?size=50x50&set=set1,FALSE,
165,2015-03-17,Chadwick,Haughian,chaughian4k@github.io,35.215.73.40,https://robohash.org/necessitatibusvoluptasconsequuntur.png?size=50x50&set=set1,TRUE,
166,2015-03-25,Sigismund,Perico,sperico4l@samsung.com,206.59.72.240,https://robohash.org/itaqueofficiaqui.png?size=50x50&set=set1,TRUE,
167,2013-09-28,Carry,Docker,cdocker4m@github.com,48.204.184.181,https://robohash.org/doloreoditmolestiae.png?size=50x50&set=set1,TRUE,
168,2016-03-06,,Summerhayes,tsummerhayes4n@jigsy.com,179.114.230.108,,FALSE,
169,2015-04-01,Selie,Tomkinson,stomkinson4o@edublogs.org,,,TRUE,231 43
170,2017-09-25,Ward,Leverage,wleverage4p@friendfeed.com,,,FALSE,1396
171,2016-11-12,Arabelle,De Courtney,adecourtney4q@jigsy.com,,,FALSE,
172,2018-01-09,Marla,Mitchiner,mmitchiner4r@cbslocal.com,,,TRUE,
173,2014-11-28,Kara-lynn,Greenroa,kgreenroa4s@wunderground.com,228.30.0.14,,TRUE,
174,2013-03-19,Tan,Rings,trings4t@examiner.com,,,TRUE,
175,2013-05-11,Darcee,,dcalleja4u@blogs.com,,,TRUE,
176,2017-06-02,Arlyn,Antonomoli,aantonomoli4v@about.com,191.52.152.148,https://robohash.org/suntisteest.png?size=50x50&set=set1,FALSE,
177,2015-04-13,Milton,Chaudhry,mchaudhry4w@mysql.com,31.122.232.165,https://robohash.org/animisolutaullam.png?size=50x50&set=set1,FALSE,
178,2015-11-16,Michel,Melmoth,mmelmoth4x@hostgator.com,190.3.106.191,https://robohash.org/quiarerumdoloribus.png?size=50x50&set=set1,TRUE,
179,2013-09-19,Casar,Connar,cconnar4y@stanford.edu,,,FALSE,
180,2014-07-20,Sal,Alcorn,salcorn4z@usnews.com,47.164.111.255,,TRUE,35236
181,2015-04-07,Parry,Hurnell,phurnell50@amazon.co.jp,,https://robohash.org/quisequiquasi.png?size=50x50&set=set1,FALSE,323-0805
182,2014-12-20,Chad,O'Mullaney,comullaney51@last.fm,,https://robohash.org/sedcupiditateest.png?size=50x50&set=set1,FALSE,
183,2013-05-15,Derril,Urey,durey52@facebook.com,2.23.11.90,,FALSE,
184,2017-04-22,Arabel,Raeburn,araeburn53@reddit.com,,,TRUE,
185,2014-04-17,Reuben,Kernar,rkernar54@w3.org,202.103.172.75,,FALSE,77193 CEDEX
186,2017-07-03,Nanete,Blampey,nblampey55@sourceforge.net,122.136.82.17,,FALSE,
187,2016-08-17,Darnall,Ettles,dettles56@psu.edu,87.196.62.43,,TRUE,
188,2015-09-07,Rocky,Mallaby,rmallaby57@istockphoto.com,,,FALSE,
189,2016-12-02,Quintana,,qmorratt58@goo.gl,10.211.111.186,,TRUE,518-0875
190,2014-12-07,Kimberli,Barensky,kbarensky59@thetimes.co.uk,166.200.137.147,,FALSE,62-571
191,2014-06-15,Virgil,,vcornford5a@furl.net,,https://robohash.org/repellatcorruptivoluptatem.png?size=50x50&set=set1,FALSE,6419
192,2015-11-07,Vlad,Bromilow,vbromilow5b@cornell.edu,157.203.173.250,,FALSE,
193,2013-07-06,Margareta,O'Lennachain,molennachain5c@google.com,165.107.16.229,,FALSE,
194,2014-06-03,Ingeborg,Redd,iredd5d@europa.eu,157.78.203.2,https://robohash.org/eumsequiut.png?size=50x50&set=set1,TRUE,183985
195,2015-12-18,Adolph,Guerreru,aguerreru5e@blogger.com,97.204.161.38,,FALSE,
196,2017-02-07,Maxi,Klewi,mklewi5f@sogou.com,7.165.243.98,,TRUE,
197,2018-01-22,Christos,,ccohen5g@state.tx.us,12.233.135.233,,TRUE,36641
198,2015-07-04,Helsa,Jindrich,hjindrich5h@de.vu,139.53.94.123,,TRUE,
199,2017-03-12,Chery,Acom,cacom5i@japanpost.jp,116.157.209.162,https://robohash.org/quasnobisquam.png?size=50x50&set=set1,TRUE,
200,2016-05-14,Nathalia,Pitway,npitway5j@thetimes.co.uk,,,FALSE,
201,2013-04-19,Tymothy,Becarra,tbecarra5k@istockphoto.com,29.91.92.253,https://robohash.org/repudiandaesaepesit.png?size=50x50&set=set1,FALSE,
202,2017-08-04,Nicola,O'Murtagh,nomurtagh5l@wunderground.com,102.60.214.132,,FALSE,
203,2016-03-18,,Arnot,karnot5m@prweb.com,215.120.109.238,https://robohash.org/facilisutblanditiis.png?size=50x50&set=set1,FALSE,15561
204,2016-01-16,Giraud,Windrum,gwindrum5n@smugmug.com,,,TRUE,
205,2017-09-21,Geordie,Esherwood,gesherwood5o@chicagotribune.com,106.22.236.52,,TRUE,
206,2018-03-23,Francesca,Yannikov,fyannikov5p@prlog.org,,,TRUE,
207,2016-06-07,Elston,Pudding,epudding5q@hibu.com,,,FALSE,
208,2014-01-27,Chrisse,Guy,cguy5r@51.la,,https://robohash.org/eumautrepudiandae.png?size=50x50&set=set1,TRUE,331 54
209,2013-06-27,Gerda,Gutans,ggutans5s@shinystat.com,,https://robohash.org/etnisivoluptate.png?size=50x50&set=set1,TRUE,
210,2018-01-27,Didi,Godbold,dgodbold5t@soundcloud.com,52.33.172.224,https://robohash.org/enimdoloremest.png?size=50x50&set=set1,FALSE,
211,2017-08-20,Claudine,Tulip,ctulip5u@engadget.com,46.229.144.103,,FALSE,H16
212,2014-11-25,Gerek,MacKissack,gmackissack5v@issuu.com,206.247.45.248,,FALSE,72595
213,2018-05-16,Mareah,,mjansen5w@senate.gov,231.220.78.250,,FALSE,
214,2014-02-11,Lucian,Coaster,lcoaster5x@zimbio.com,112.230.191.207,,TRUE,
215,2017-12-26,Elmore,,eclaridge5y@yahoo.com,,,FALSE,
216,2017-03-01,Sandi,Reedy,sreedy5z@oracle.com,222.159.139.64,,TRUE,8513
217,2015-07-20,Nikolia,,nferneyhough60@i2i.jp,,https://robohash.org/architectodelectusofficiis.png?size=50x50&set=set1,TRUE,05-402
218,2016-04-22,Conrade,Tellenbrok,ctellenbrok61@vinaora.com,174.231.64.201,,TRUE,
219,2016-07-17,Gayel,Carl,gcarl62@com.com,118.132.226.96,https://robohash.org/voluptaseumeos.png?size=50x50&set=set1,FALSE,89800-000
220,2017-11-28,Alexei,Campkin,acampkin63@harvard.edu,234.62.61.246,,FALSE,
221,2015-04-16,Lilyan,,lbygraves64@ebay.co.uk,46.99.213.134,,TRUE,
222,2015-11-15,Dredi,Brobak,dbrobak65@nydailynews.com,,,TRUE,
223,2015-08-21,Hilliard,Hughlin,hhughlin66@printfriendly.com,55.182.168.98,,FALSE,
224,2016-10-20,Felike,Schleicher,fschleicher67@blogtalkradio.com,170.57.23.229,https://robohash.org/adolorumquo.png?size=50x50&set=set1,FALSE,
225,2016-11-23,Debra,Enticott,denticott68@cnbc.com,115.145.25.243,,FALSE,
226,2016-11-15,Thibaut,Kenningham,tkenningham69@bloglovin.com,16.24.211.159,https://robohash.org/omnisquoquos.png?size=50x50&set=set1,TRUE,
227,2016-04-17,Rici,Harrema,rharrema6a@netscape.com,,https://robohash.org/eavoluptasdolorum.png?size=50x50&set=set1,TRUE,
228,2016-06-02,Lennie,Clemetts,lclemetts6b@unesco.org,,,TRUE,4015
229,2014-08-14,Kiah,Gresswood,kgresswood6c@cyberchimps.com,210.80.251.171,,FALSE,77800-000
230,2016-11-17,Marlowe,Axcel,maxcel6d@delicious.com,135.254.226.120,https://robohash.org/nequeetexcepturi.png?size=50x50&set=set1,FALSE,
231,2017-10-21,Maryjo,Blowers,mblowers6e@foxnews.com,44.38.99.102,https://robohash.org/ameteain.png?size=50x50&set=set1,TRUE,1808
232,2014-12-22,Holmes,Chittock,hchittock6f@squidoo.com,149.110.120.35,,TRUE,
233,2013-12-16,Prudence,Vanlint,pvanlint6g@fotki.com,195.252.97.54,,TRUE,
234,2013-09-18,Christy,McKomb,cmckomb6h@tamu.edu,104.223.38.70,https://robohash.org/quodetvel.png?size=50x50&set=set1,TRUE,816019
235,2013-09-19,Kimbra,Timewell,ktimewell6i@guardian.co.uk,56.125.205.122,,TRUE,40170
236,2013-09-12,Odele,Glawsop,oglawsop6j@prnewswire.com,23.5.76.56,,FALSE,
237,2017-03-25,Dyna,Mager,dmager6k@mediafire.com,,https://robohash.org/doloremquidolores.png?size=50x50&set=set1,FALSE,646880
238,2018-02-17,,Gasnoll,ggasnoll6l@issuu.com,,https://robohash.org/reiciendisquisquamaccusamus.png?size=50x50&set=set1,FALSE,
239,2013-12-06,Florentia,Eard,feard6m@wix.com,46.244.181.32,,FALSE,
240,2016-02-10,,Haggath,fhaggath6n@admin.ch,113.164.154.41,,FALSE,
241,2014-03-21,Merill,Ramel,mramel6o@uol.com.br,50.141.75.54,,TRUE,
242,2013-07-12,Nikolaos,Stonuary,nstonuary6p@nba.com,43.145.237.14,,FALSE,
243,2014-02-27,Jaimie,,jwinstone6q@businessinsider.com,128.28.253.154,,TRUE,
244,2016-11-03,Phyllys,Mechi,pmechi6r@google.it,,,FALSE,
245,2013-05-14,Mendy,Adhams,madhams6s@samsung.com,125.219.65.227,,FALSE,
246,2018-04-06,Renato,O'Brollachain,robrollachain6t@unicef.org,186.112.47.246,,FALSE,424 31
247,2015-01-12,Shelton,Trimnell,strimnell6u@bloomberg.com,134.27.157.243,,FALSE,961 73
248,2018-04-19,Charmine,Muttock,cmuttock6v@symantec.com,,https://robohash.org/molestiassuntpraesentium.png?size=50x50&set=set1,FALSE,
249,2016-06-26,Aprilette,McCrory,amccrory6w@arizona.edu,,,FALSE,09-472
250,2014-11-21,Conny,Mathes,cmathes6x@nytimes.com,134.115.230.122,,TRUE,
251,2014-01-21,Viviyan,,vvogeler6y@woothemes.com,166.253.38.84,,TRUE,
252,2014-11-25,Packston,Luna,pluna6z@arizona.edu,225.12.66.160,,TRUE,
253,2016-04-14,Roanna,Stean,rstean70@foxnews.com,239.76.3.234,,TRUE,7395
254,2015-11-12,,D'Errico,nderrico71@mit.edu,44.170.121.190,,FALSE,
255,2015-11-24,,Illesley,nillesley72@ibm.com,206.219.90.195,https://robohash.org/magnialiastempora.png?size=50x50&set=set1,TRUE,
256,2013-03-27,Alexis,Hurche,ahurche73@printfriendly.com,101.50.174.124,https://robohash.org/ipsasuntautem.png?size=50x50&set=set1,FALSE,
257,2014-03-19,Lynne,Lismer,llismer74@google.ca,10.64.214.64,,TRUE,
258,2014-08-01,Brose,Hazael,bhazael75@webeden.co.uk,9.220.90.169,,TRUE,
259,2014-07-27,Dorolisa,Burdus,dburdus76@addtoany.com,,,FALSE,
260,2013-11-02,Zacharia,,zgreeve77@multiply.com,,,FALSE,143082
261,2013-03-14,Brennan,Pavel,bpavel78@globo.com,20.138.1.212,https://robohash.org/sequinulladignissimos.png?size=50x50&set=set1,TRUE,
262,2014-02-13,Nat,Maslin,nmaslin79@cmu.edu,71.98.7.96,,TRUE,
263,2014-01-19,Loraine,Proback,lproback7a@disqus.com,211.131.32.161,,FALSE,
264,2016-12-10,Cob,,ceneas7b@ustream.tv,102.61.12.146,,FALSE,19151
265,2014-07-17,Marylynne,,mlaroux7c@netscape.com,103.210.13.181,,FALSE,
266,2014-10-06,Lanie,Scotchbrook,lscotchbrook7d@forbes.com,12.238.204.203,,FALSE,
267,2015-07-03,Julio,Dufton,jdufton7e@oracle.com,,,TRUE,
268,2015-07-08,Quillan,Netley,qnetley7f@altervista.org,3.165.128.142,,TRUE,
269,2016-09-26,Vi,Tapping,vtapping7g@nydailynews.com,,,FALSE,
270,2016-08-27,,Kertess,akertess7h@drupal.org,,,FALSE,
271,2013-09-01,Mildrid,Winfred,mwinfred7i@mozilla.org,,,TRUE,1950
272,2016-01-22,Bel,,breadwing7j@npr.org,16.147.144.97,,TRUE,
273,2017-12-25,Lenci,Gemnett,lgemnett7k@ox.ac.uk,7.188.116.93,https://robohash.org/illumvoluptatemvoluptas.png?size=50x50&set=set1,TRUE,5317
274,2013-05-26,,Drinkall,cdrinkall7l@slideshare.net,30.46.163.147,,TRUE,
275,2018-01-25,Jase,Hof,jhof7m@chron.com,106.167.172.184,,FALSE,571-0002
276,2017-01-05,Xavier,Bane,xbane7n@mozilla.org,,,TRUE,
277,2015-08-10,Nevile,Hardi,nhardi7o@acquirethisname.com,43.28.172.68,,TRUE,
278,2015-09-21,Pembroke,Casbolt,pcasbolt7p@goo.ne.jp,97.133.161.28,,FALSE,
279,2013-03-21,Nataline,Harkins,nharkins7q@huffingtonpost.com,159.178.82.197,,TRUE,
280,2014-05-11,Enrichetta,Moye,emoye7r@desdev.cn,232.165.188.30,,FALSE,06750-000
281,2016-11-18,Serena,Stivers,sstivers7s@amazon.com,235.227.57.28,,FALSE,
282,2016-04-16,Gilbertine,Goldsbrough,ggoldsbrough7t@ocn.ne.jp,7.94.23.49,https://robohash.org/oditreprehenderitquia.png?size=50x50&set=set1,FALSE,
283,2016-07-28,Leila,Shine,lshine7u@miitbeian.gov.cn,,,FALSE,
284,2018-04-04,Clement,Tulk,ctulk7v@ycombinator.com,88.204.205.12,https://robohash.org/distinctiononrepudiandae.png?size=50x50&set=set1,FALSE,
285,2017-11-17,Sharron,Whyberd,swhyberd7w@stumbleupon.com,127.126.189.19,,TRUE,
286,2017-01-10,Mercy,Yeude,myeude7x@uiuc.edu,,https://robohash.org/involuptasaut.png?size=50x50&set=set1,FALSE,440017
287,2013-01-19,Ninon,Varney,nvarney7y@webnode.com,242.45.173.109,,TRUE,
288,2017-07-24,,Nolleth,bnolleth7z@creativecommons.org,,,TRUE,42230
289,2015-10-11,Rutter,Cunnah,rcunnah80@shareasale.com,90.250.221.175,,FALSE,
290,2013-10-18,Kalli,Powis,kpowis81@eventbrite.com,,,FALSE,
291,2014-09-16,Dannie,Simons,dsimons82@nih.gov,,,TRUE,
292,2016-09-01,Alice,,amanclark83@fotki.com,72.216.244.204,,TRUE,62265-000
293,2014-01-02,Kenn,Teideman,kteideman84@bluehost.com,39.237.109.248,,FALSE,
294,2015-07-04,Joni,Cullinane,jcullinane85@cam.ac.uk,132.82.145.123,,FALSE,
295,2016-03-03,,,lstarrs86@addtoany.com,53.40.209.47,,TRUE,78703
296,2017-04-13,Chip,Skerritt,cskerritt87@ihg.com,40.217.138.181,https://robohash.org/debitisistequi.png?size=50x50&set=set1,TRUE,
297,2015-08-18,Stanislaw,Marwick,smarwick88@fc2.com,229.95.199.253,,TRUE,21140
298,2013-02-10,Liam,Gamlyn,lgamlyn89@artisteer.com,,https://robohash.org/voluptatemofficiissit.png?size=50x50&set=set1,TRUE,86430-000
299,2014-01-25,Tildi,Linguard,tlinguard8a@howstuffworks.com,246.24.205.206,,TRUE,
300,2014-09-18,,Grimwade,ogrimwade8b@opera.com,215.183.70.54,,FALSE,
301,2016-01-12,Dominik,Ginsie,dginsie8c@gizmodo.com,175.126.117.199,,FALSE,
302,2013-10-23,Lyn,Matschek,lmatschek8d@mapquest.com,,,TRUE,34615
303,2017-01-08,Gallard,,gbyrnes8e@chicagotribune.com,183.136.253.213,,FALSE,
304,2014-03-10,Ethelin,Thrussell,ethrussell8f@pbs.org,73.194.59.212,,FALSE,
305,2016-10-09,Phelia,MacCaig,pmaccaig8g@cafepress.com,235.203.76.164,https://robohash.org/nullavitaeut.png?size=50x50&set=set1,TRUE,6105
306,2013-10-22,Siward,Roads,sroads8h@webmd.com,,,FALSE,
307,2017-05-04,Syd,Strauss,sstrauss8i@shop-pro.jp,33.104.115.75,,TRUE,
308,2017-01-19,Taddeo,Wibrow,twibrow8j@shutterfly.com,,,FALSE,
309,2015-01-04,Adam,Chisman,achisman8k@myspace.com,,,TRUE,
310,2016-05-15,Jaime,,jmaccallam8l@jigsy.com,246.43.68.50,,FALSE,
311,2013-07-03,Natale,Ruck,nruck8m@de.vu,4.1.209.169,https://robohash.org/harumbeataeet.png?size=50x50&set=set1,TRUE,
312,2013-02-20,Madonna,Pulteneye,mpulteneye8n@yahoo.com,188.231.164.123,,FALSE,
313,2015-12-05,Chris,Natte,cnatte8o@mediafire.com,,https://robohash.org/teneturimpeditsaepe.png?size=50x50&set=set1,TRUE,
314,2013-02-06,Vladimir,Lycett,vlycett8p@utexas.edu,246.229.124.45,,TRUE,
315,2017-12-23,Alane,Lyfield,alyfield8q@aol.com,174.202.87.91,,FALSE,
316,2016-03-21,Korney,Annetts,kannetts8r@wikia.com,210.179.60.45,,TRUE,
317,2018-01-01,Finley,,fscoles8s@weibo.com,105.250.182.132,,FALSE,
318,2013-01-08,Marley,Stoyles,mstoyles8t@a8.net,62.180.211.81,,TRUE,
319,2017-02-18,Roch,Rushsorth,rrushsorth8u@shinystat.com,241.45.110.156,,FALSE,
320,2017-10-22,Maryellen,Kapelhoff,mkapelhoff8v@businesswire.com,60.235.0.59,,FALSE,
321,2017-07-24,Carilyn,Corran,ccorran8w@oracle.com,238.199.57.185,https://robohash.org/essemaximeculpa.png?size=50x50&set=set1,TRUE,
322,2014-06-08,Kennan,Ogley,kogley8x@disqus.com,204.170.160.79,,TRUE,
323,2017-05-27,Adrianne,Sutter,asutter8y@360.cn,55.6.128.121,,TRUE,
324,2018-01-23,Beverie,Killough,bkillough8z@dailymotion.com,,https://robohash.org/illumfacilissuscipit.png?size=50x50&set=set1,TRUE,
325,2013-05-02,Deedee,Bodham,dbodham90@bigcartel.com,,,FALSE,
326,2015-03-12,Nefen,Caslane,ncaslane91@japanpost.jp,207.176.136.118,,TRUE,5039
327,2013-02-06,Dimitri,,dpridgeon92@sciencedirect.com,230.231.154.154,,FALSE,
328,2017-01-16,Gail,Rosenvasser,grosenvasser93@upenn.edu,4.97.187.140,,FALSE,4323
329,2018-03-18,Timofei,,twhitnell94@over-blog.com,,,FALSE,
330,2013-03-25,Rafaellle,Hyndson,rhyndson95@npr.org,,,TRUE,
331,2014-03-28,Cello,Saggs,csaggs96@cpanel.net,26.202.167.172,,TRUE,
332,2015-04-28,Marcella,,mbiaggioni97@rambler.ru,85.226.163.10,,FALSE,
333,2013-09-20,Borden,Couronne,bcouronne98@hao123.com,109.221.63.91,,TRUE,3025-511
334,2016-02-18,Erich,,estrainge99@feedburner.com,98.52.115.34,,TRUE,
335,2016-02-17,Reynold,Iverson,riverson9a@sun.com,211.136.197.185,,FALSE,762528
336,2013-07-10,Tandie,Gavrielly,tgavrielly9b@theguardian.com,119.38.239.44,https://robohash.org/pariatureanecessitatibus.png?size=50x50&set=set1,TRUE,
337,2017-06-09,,Maydwell,mmaydwell9c@shareasale.com,111.13.64.155,,FALSE,
338,2013-07-05,Gasparo,Stoves,gstoves9d@elpais.com,221.184.54.122,https://robohash.org/quieostotam.png?size=50x50&set=set1,FALSE,
339,2017-02-22,Danella,Goodson,dgoodson9e@aol.com,,,TRUE,
340,2016-07-21,Alvera,Tibb,atibb9f@newyorker.com,197.204.118.178,,FALSE,
341,2013-07-18,Dane,Gallo,dgallo9g@cdc.gov,86.10.239.237,,FALSE,
342,2015-06-15,Jo ann,Dreelan,jdreelan9h@hugedomains.com,99.158.95.124,,FALSE,
343,2014-02-24,Geno,Hawkes,ghawkes9i@godaddy.com,205.108.29.125,,TRUE,
344,2017-07-27,Terrie,Side,tside9j@rakuten.co.jp,82.72.89.18,,FALSE,
345,2014-12-08,Danielle,Baskeyfield,dbaskeyfield9k@soup.io,105.111.155.7,https://robohash.org/veniaminventorevelit.png?size=50x50&set=set1,TRUE,
346,2017-04-25,Garrick,,ggolson9l@dmoz.org,,https://robohash.org/pariaturaccusantiumet.png?size=50x50&set=set1,TRUE,
347,2014-03-03,Basil,Marshalleck,bmarshalleck9m@yellowbook.com,,https://robohash.org/atnamnobis.png?size=50x50&set=set1,TRUE,
348,2013-01-21,Demetris,Seavers,dseavers9n@slideshare.net,172.94.187.250,https://robohash.org/dolorquambeatae.png?size=50x50&set=set1,TRUE,2662
349,2015-12-20,,Ferenc,dferenc9o@vinaora.com,,,TRUE,
350,2014-03-08,Anetta,Sally,asally9p@gmpg.org,118.31.197.239,,TRUE,
351,2015-10-13,Peirce,Harriman,pharriman9q@imdb.com,208.84.68.47,,FALSE,422396
352,2017-07-12,,MacDowal,kmacdowal9r@globo.com,168.8.148.28,,TRUE,
353,2016-01-21,Northrop,Rambadt,nrambadt9s@yahoo.com,,https://robohash.org/ametminusquia.png?size=50x50&set=set1,TRUE,100
354,2016-04-08,Janean,Niblett,jniblett9t@nhs.uk,147.78.231.228,,TRUE,
355,2017-08-09,Bertina,Ghidoli,bghidoli9u@example.com,130.24.45.237,,TRUE,
356,2018-02-13,Margarethe,D'eye,mdeye9v@state.gov,,https://robohash.org/temporaexercitationemsequi.png?size=50x50&set=set1,FALSE,203-0044
357,2016-02-04,Cristiano,,canelay9w@xinhuanet.com,224.240.248.42,,FALSE,141707
358,2017-06-05,Carol-jean,,cdybbe9x@ucoz.ru,37.104.33.248,,FALSE,
359,2013-08-11,Sumner,Archley,sarchley9y@bloglovin.com,,https://robohash.org/praesentiumnonsed.png?size=50x50&set=set1,FALSE,
360,2016-10-27,Lauryn,Skipping,lskipping9z@wufoo.com,,https://robohash.org/voluptassitfuga.png?size=50x50&set=set1,TRUE,
361,2014-10-16,Paten,Felce,pfelcea0@dedecms.com,,,FALSE,6546
362,2016-02-19,Cleon,Schleswig-Holstein,cschleswigholsteina1@last.fm,101.60.240.221,,TRUE,
363,2014-07-07,Maridel,Khosa,mkhosaa2@cbsnews.com,130.145.205.210,,TRUE,
364,2015-08-05,Licha,Broadfield,lbroadfielda3@walmart.com,,,TRUE,
365,2014-03-02,,,tgallopa4@comsenz.com,118.230.255.176,,FALSE,
366,2016-09-23,Perkin,Sitlington,psitlingtona5@google.pl,164.223.90.15,,FALSE,
367,2016-08-07,Ofilia,Softley,osoftleya6@meetup.com,234.75.68.254,,FALSE,
368,2017-11-11,Rube,Paxton,rpaxtona7@nps.gov,233.96.92.10,,TRUE,
369,2015-11-13,Angel,Langfat,alangfata8@amazon.de,229.48.211.249,https://robohash.org/repudiandaedoloremunde.png?size=50x50&set=set1,TRUE,
370,2017-05-01,Patricio,Cardenas,pcardenasa9@rediff.com,112.238.162.134,,FALSE,
371,2017-11-27,Bryna,,bmcgloinaa@ucoz.ru,,https://robohash.org/teneturrerummolestiae.png?size=50x50&set=set1,TRUE,
372,2016-03-18,Dulcea,Skipper,dskipperab@devhub.com,,https://robohash.org/utrerumaspernatur.png?size=50x50&set=set1,TRUE,3308
373,2016-12-01,Antonio,,abathoac@php.net,107.6.202.220,,TRUE,69115-000
374,2016-08-14,,Casewell,gcasewellad@wp.com,80.93.244.243,,TRUE,
375,2016-10-03,Adriana,Woodruff,awoodruffae@oaic.gov.au,,,FALSE,
376,2014-01-12,Evy,Mc Cahey,emccaheyaf@google.cn,,,FALSE,
377,2015-05-22,Aleda,Lardner,alardnerag@artisteer.com,84.138.227.129,https://robohash.org/velnesciuntquaerat.png?size=50x50&set=set1,FALSE,
378,2014-07-10,Delaney,McGeagh,dmcgeaghah@myspace.com,,,TRUE,
379,2015-03-16,Kevon,Derdes,kderdesai@chron.com,,https://robohash.org/maximeimpeditdignissimos.png?size=50x50&set=set1,TRUE,
380,2013-03-11,Antonino,Caldaro,acaldaroaj@clickbank.net,249.114.211.242,,FALSE,464 01
381,2016-11-11,Ernst,Sifleet,esifleetak@fema.gov,7.27.203.235,https://robohash.org/autquifacilis.png?size=50x50&set=set1,FALSE,
382,2014-07-02,Glyn,Lintott,glintottal@yale.edu,126.222.223.215,,TRUE,
383,2016-02-02,,Genders,agendersam@instagram.com,216.203.6.214,,TRUE,
384,2013-03-23,Rhonda,Mishow,rmishowan@fema.gov,67.42.11.54,,TRUE,22091 CEDEX 9
385,2015-11-11,Montague,Armall,marmallao@gnu.org,141.1.75.240,,FALSE,699-0103
386,2013-05-02,Meredithe,Buret,mburetap@cyberchimps.com,,,TRUE,
387,2017-06-06,Fredia,Noblet,fnobletaq@hugedomains.com,45.193.179.21,,FALSE,
388,2015-03-19,Beverley,Conway,bconwayar@slashdot.org,220.98.177.125,,TRUE,385444
389,2017-05-05,Coralyn,,cairyas@sakura.ne.jp,237.189.236.15,,TRUE,
390,2014-06-04,Zonda,,zelvinat@studiopress.com,137.101.53.240,https://robohash.org/voluptatemearumeius.png?size=50x50&set=set1,FALSE,
391,2017-02-08,Cleon,MacCartair,cmaccartairau@amazonaws.com,132.206.67.43,,TRUE,
392,2015-05-20,Maisie,Sewter,msewterav@virginia.edu,,,FALSE,
393,2016-01-13,Galven,Bowfin,gbowfinaw@tinypic.com,47.166.220.56,,TRUE,
394,2014-03-09,Carin,,cfuchsax@xing.com,103.196.172.53,,FALSE,
395,2016-06-14,Winnah,Sutlieff,wsutlieffay@myspace.com,52.72.187.8,,FALSE,88160-000
396,2013-05-25,Lise,,lmitchamaz@independent.co.uk,135.174.82.99,https://robohash.org/ullamadexplicabo.png?size=50x50&set=set1,TRUE,
397,2015-10-20,Ibrahim,Westwell,iwestwellb0@usda.gov,,,TRUE,
398,2018-04-10,Jacquetta,Kettlesting,jkettlestingb1@google.co.uk,83.236.68.48,,FALSE,
399,2016-07-19,Hayden,Blais,hblaisb2@cornell.edu,168.23.224.132,,TRUE,
400,2013-03-13,Arne,Franchioni,afranchionib3@multiply.com,,https://robohash.org/etmagnierror.png?size=50x50&set=set1,FALSE,
401,2016-07-26,Bert,,bherionb4@sohu.com,229.215.233.67,https://robohash.org/eumessetempore.png?size=50x50&set=set1,FALSE,9406
402,2017-08-21,Nerti,Snoddin,nsnoddinb5@goo.gl,,,FALSE,
403,2014-07-10,Alley,Howsin,ahowsinb6@admin.ch,,,FALSE,
404,2015-10-15,Alyss,Littell,alittellb7@lulu.com,180.111.118.133,,FALSE,
405,2018-04-13,Ilise,,ihaglintonb8@canalblog.com,166.237.171.44,https://robohash.org/quasenimreiciendis.png?size=50x50&set=set1,FALSE,
406,2016-08-28,Andrus,Jenkerson,ajenkersonb9@hexun.com,,,FALSE,
407,2017-01-19,Aurelea,Popham,apophamba@ezinearticles.com,,,TRUE,
408,2015-12-14,Liam,Jandac,ljandacbb@issuu.com,,,FALSE,
409,2017-07-20,Pat,McPeck,pmcpeckbc@cyberchimps.com,,,FALSE,
410,2018-01-05,Diandra,Goldbourn,dgoldbournbd@statcounter.com,56.28.121.234,,TRUE,
411,2013-08-25,Kevon,Darley,kdarleybe@friendfeed.com,,https://robohash.org/exnequetempore.png?size=50x50&set=set1,TRUE,
412,2014-10-05,Rasia,Dresche,rdreschebf@time.com,,https://robohash.org/etquodsed.png?size=50x50&set=set1,TRUE,
413,2016-12-07,Nester,Hoble,nhoblebg@china.com.cn,,,FALSE,
414,2015-03-20,Jason,Seiller,jseillerbh@amazonaws.com,237.183.224.141,https://robohash.org/rationefugiatnesciunt.png?size=50x50&set=set1,FALSE,
415,2014-03-21,Romy,Baudic,rbaudicbi@linkedin.com,,,TRUE,
416,2015-11-26,Addison,Godthaab,agodthaabbj@nyu.edu,,,FALSE,
417,2015-09-02,Penny,Humphrey,phumphreybk@washingtonpost.com,219.223.189.137,,TRUE,143020
418,2013-01-24,Maggy,Lusk,mluskbl@webeden.co.uk,,,FALSE,82-112
419,2018-02-28,Agneta,Wyper,awyperbm@abc.net.au,93.110.76.28,,FALSE,
420,2013-09-28,Verine,Ashfull,vashfullbn@yahoo.com,71.3.242.31,,TRUE,
421,2016-05-24,Avery,Eltun,aeltunbo@cbsnews.com,180.16.77.93,https://robohash.org/atsapienterem.png?size=50x50&set=set1,FALSE,
422,2013-08-25,Blondelle,Bennitt,bbennittbp@purevolume.com,190.47.68.154,https://robohash.org/estminusquae.png?size=50x50&set=set1,TRUE,3205
423,2014-07-16,Cecilio,Dunmore,cdunmorebq@samsung.com,,https://robohash.org/repellendusauteum.png?size=50x50&set=set1,TRUE,6801
424,2016-12-22,Edmund,Ivakin,eivakinbr@ezinearticles.com,34.179.18.112,https://robohash.org/minusrerumarchitecto.png?size=50x50&set=set1,TRUE,
425,2017-05-18,Camala,Sidwell,csidwellbs@noaa.gov,,https://robohash.org/quiadolorumaccusantium.png?size=50x50&set=set1,FALSE,
426,2014-09-24,Dorena,Selbie,dselbiebt@mit.edu,,,TRUE,
427,2014-03-02,Adan,Crosi,acrosibu@theglobeandmail.com,88.27.154.39,,TRUE,
428,2017-07-04,Vinson,Stokell,vstokellbv@trellian.com,122.66.179.29,,FALSE,
429,2014-07-27,Wini,Barber,wbarberbw@ed.gov,92.112.1.206,,TRUE,96799
430,2016-06-18,Alison,Odlin,aodlinbx@theglobeandmail.com,188.216.29.210,,TRUE,
431,2014-01-18,Maggie,Andrei,mandreiby@amazon.com,,https://robohash.org/molestiaepariaturaut.png?size=50x50&set=set1,TRUE,
432,2016-05-09,Dugald,d' Elboux,ddelbouxbz@cloudflare.com,,https://robohash.org/magnidictaaut.png?size=50x50&set=set1,TRUE,8411
433,2017-12-15,Dick,Vampouille,dvampouillec0@mysql.com,,,TRUE,
434,2013-09-22,Asia,Dunderdale,adunderdalec1@engadget.com,249.23.104.101,,TRUE,
435,2014-04-10,Julissa,Caban,jcabanc2@census.gov,,,FALSE,
436,2014-04-25,Fairleigh,Sainsberry,fsainsberryc3@mediafire.com,77.40.180.18,,TRUE,2109
437,2017-08-02,Kanya,Rizzardi,krizzardic4@apache.org,,,FALSE,
438,2014-04-08,Aksel,Aleksandrikin,aaleksandrikinc5@cocolog-nifty.com,,,TRUE,
439,2016-11-01,Leeland,Mendes,lmendesc6@senate.gov,38.110.6.168,,TRUE,2635-034
440,2015-09-06,Reynold,Hatton,rhattonc7@msn.com,,https://robohash.org/idnamquam.png?size=50x50&set=set1,TRUE,850009
441,2013-07-07,Kaitlynn,Denkel,kdenkelc8@rambler.ru,254.101.60.241,,TRUE,
442,2015-08-11,,Drysdell,cdrysdellc9@homestead.com,,,FALSE,76711
443,2014-05-27,Cletis,Jedraszczyk,cjedraszczykca@networkadvertising.org,,,FALSE,4216
444,2015-11-11,Camellia,Freshwater,cfreshwatercb@taobao.com,,,TRUE,
445,2014-05-21,Jobey,Stockwell,jstockwellcc@wikispaces.com,193.32.227.149,https://robohash.org/etabrerum.png?size=50x50&set=set1,FALSE,
446,2013-05-13,Estele,Nurdin,enurdincd@eepurl.com,126.132.84.208,,TRUE,
447,2018-02-23,,Merrywether,rmerrywetherce@google.es,56.168.68.133,https://robohash.org/consecteturautmaxime.png?size=50x50&set=set1,FALSE,62-085
448,2016-08-13,Etienne,Cluff,ecluffcf@tumblr.com,255.240.14.228,,FALSE,
449,2014-02-06,Dulcia,Mattson,dmattsoncg@msu.edu,74.177.230.47,,TRUE,
450,2017-04-26,Jennilee,Clapton,jclaptonch@independent.co.uk,5.106.127.29,,TRUE,173 18
451,2017-11-06,Connie,,cprebbleci@weather.com,57.99.3.71,https://robohash.org/ipsammolestiaequi.png?size=50x50&set=set1,FALSE,
452,2015-06-20,Valdemar,Messager,vmessagercj@booking.com,139.23.130.218,https://robohash.org/nesciuntetdolorem.png?size=50x50&set=set1,TRUE,
453,2014-02-04,Sally,Rolf,srolfck@zimbio.com,132.63.216.150,,FALSE,
454,2014-04-12,Melicent,Coweuppe,mcoweuppecl@weebly.com,,,FALSE,
455,2014-06-09,Natasha,Keeltagh,nkeeltaghcm@chronoengine.com,85.164.40.156,,TRUE,7010
456,2016-05-13,,Brackstone,tbrackstonecn@yahoo.co.jp,,,FALSE,718-0011
457,2014-01-03,Noell,Carlsson,ncarlssonco@nsw.gov.au,236.159.132.183,,TRUE,
458,2015-07-24,Brian,Langton,blangtoncp@furl.net,255.13.19.80,,FALSE,2970-303
459,2015-10-11,Crystie,Ticehurst,cticehurstcq@unblog.fr,190.37.229.77,,FALSE,
460,2013-11-17,Hilda,Corhard,hcorhardcr@cbc.ca,174.191.164.148,,TRUE,
461,2014-10-13,Carolina,Rollason,crollasoncs@harvard.edu,120.51.147.112,https://robohash.org/nonveritatisrepellat.png?size=50x50&set=set1,FALSE,
462,2015-05-23,Derrik,Isakov,disakovct@gnu.org,115.220.137.195,https://robohash.org/istevitaeodit.png?size=50x50&set=set1,TRUE,
463,2016-01-16,Denis,Nasey,dnaseycu@imageshack.us,252.25.155.160,,TRUE,
464,2013-10-03,Jeannie,Baitman,jbaitmancv@washington.edu,,,TRUE,57-215
465,2013-09-04,Christi,Gooderidge,cgooderidgecw@epa.gov,196.88.126.70,,TRUE,
466,2015-11-10,Maximilian,Swinbourne,mswinbournecx@home.pl,143.76.174.204,,TRUE,
467,2013-04-15,Loria,Sainer,lsainercy@biblegateway.com,90.124.166.6,https://robohash.org/abenimautem.png?size=50x50&set=set1,FALSE,866-0873
468,2017-08-17,Tim,Gatecliffe,tgatecliffecz@de.vu,122.226.90.239,,TRUE,
469,2013-02-02,Bridgette,Fowlston,bfowlstond0@blogspot.com,,,TRUE,6808
470,2014-11-24,Sholom,Falla,sfallad1@photobucket.com,,,FALSE,
471,2015-07-27,Zachary,Gehrels,zgehrelsd2@amazon.co.jp,,,TRUE,
472,2014-09-02,Tedi,Matyashev,tmatyashevd3@msu.edu,248.180.65.131,,FALSE,
473,2013-12-05,Rose,Heister,rheisterd4@github.com,,https://robohash.org/utodiomaxime.png?size=50x50&set=set1,TRUE,1217
474,2015-02-25,Maureen,Wrassell,mwrasselld5@tmall.com,221.83.2.10,https://robohash.org/quiquoporro.png?size=50x50&set=set1,TRUE,77580
475,2016-09-01,Sawyer,Diano,sdianod6@yolasite.com,231.85.29.84,https://robohash.org/suntlaboriosamquod.png?size=50x50&set=set1,TRUE,
476,2015-01-02,Dougy,Crocket,dcrocketd7@hibu.com,177.243.106.221,,FALSE,
477,2013-04-13,Consuela,Neno,cnenod8@spotify.com,193.96.191.155,,FALSE,111 46
478,2014-10-21,Gare,Hartas,ghartasd9@gizmodo.com,35.6.142.209,,TRUE,
479,2016-04-06,Marven,Farnaby,mfarnabyda@mlb.com,29.105.186.233,,TRUE,80140
480,2016-09-02,Cad,Spyer,cspyerdb@tamu.edu,185.118.72.160,,TRUE,
481,2017-08-13,Clerc,Bonavia,cbonaviadc@vimeo.com,127.80.232.165,https://robohash.org/numquamestbeatae.png?size=50x50&set=set1,FALSE,
482,2016-04-23,Myrwyn,Ludewig,mludewigdd@surveymonkey.com,14.254.149.16,,FALSE,
483,2015-11-13,Gale,Clineck,gclineckde@sciencedirect.com,196.162.65.208,https://robohash.org/voluptatemmagnamneque.png?size=50x50&set=set1,FALSE,
484,2016-02-09,Ally,Aisthorpe,aaisthorpedf@theglobeandmail.com,73.117.172.216,,TRUE,3733
485,2015-05-04,Herby,Chittock,hchittockdg@pbs.org,,,FALSE,8006
486,2018-03-08,Fletcher,Bugg,fbuggdh@yolasite.com,135.130.20.4,,TRUE,
487,2013-07-27,Marianne,Beharrell,mbeharrelldi@eventbrite.com,162.180.31.167,,FALSE,
488,2018-05-10,Eustace,Stegell,estegelldj@indiatimes.com,245.247.86.203,,TRUE,
489,2013-11-25,Rolf,Convery,rconverydk@goodreads.com,244.129.254.218,,FALSE,
490,2014-11-27,Abdul,Matzke,amatzkedl@patch.com,,,FALSE,
491,2015-06-21,Justus,Burrage,jburragedm@unicef.org,7.130.48.14,https://robohash.org/asperioresvoluptatumsed.png?size=50x50&set=set1,TRUE,
492,2013-05-11,Hedi,McKiddin,hmckiddindn@mozilla.com,,,TRUE,
493,2018-01-06,Helenka,McCathay,hmccathaydo@clickbank.net,103.188.18.227,,FALSE,
494,2018-05-19,Brendan,Leigh,bleighdp@pbs.org,,,TRUE,
495,2018-02-05,Rahal,Daly,rdalydq@nature.com,160.178.192.237,https://robohash.org/consecteturautemnihil.png?size=50x50&set=set1,TRUE,
496,2017-06-10,Catherine,Dallison,cdallisondr@constantcontact.com,30.130.193.81,,TRUE,963-4321
497,2017-05-21,Devlin,,djarvilleds@blogs.com,,https://robohash.org/quamlaudantiumqui.png?size=50x50&set=set1,FALSE,
498,2013-02-01,Denney,Horburgh,dhorburghdt@arstechnica.com,97.2.208.111,,FALSE,
499,2013-07-03,Eustace,,eheinkedu@oakley.com,106.47.166.223,,FALSE,
500,2016-03-12,Shaine,Rayne,sraynedv@home.pl,23.193.39.21,,TRUE,
501,2016-09-03,Sandor,Eliasson,seliassondw@discuz.net,,,FALSE,
502,2014-08-09,Benetta,Stitfall,bstitfalldx@freewebs.com,149.222.24.68,,TRUE,
503,2013-02-21,,Locock,nlocockdy@merriam-webster.com,251.63.209.19,,TRUE,
504,2016-10-18,,Padefield,cpadefielddz@yolasite.com,,,TRUE,
505,2013-11-08,Eolanda,Gaskell,egaskelle0@feedburner.com,,https://robohash.org/aliquamreiciendisexcepturi.png?size=50x50&set=set1,FALSE,303812
506,2015-03-06,Avictor,Bourke,abourkee1@shop-pro.jp,8.215.127.226,,TRUE,
507,2016-04-02,Lorrie,Loughton,lloughtone2@theatlantic.com,107.76.52.165,https://robohash.org/consequunturliberoadipisci.png?size=50x50&set=set1,TRUE,
508,2013-09-25,Hilarius,Moat,hmoate3@discovery.com,217.39.95.115,https://robohash.org/quiarchitectonihil.png?size=50x50&set=set1,TRUE,
509,2017-09-16,Ernestus,Overy,eoverye4@pcworld.com,64.59.65.199,https://robohash.org/distinctioquisquamreprehenderit.png?size=50x50&set=set1,TRUE,
510,2014-12-24,Madeline,Timpany,mtimpanye5@instagram.com,,,TRUE,
511,2013-03-23,,Lowndesbrough,nlowndesbroughe6@friendfeed.com,,https://robohash.org/liberoaliquidvelit.png?size=50x50&set=set1,FALSE,
512,2013-10-25,Terza,Cremins,tcreminse7@slideshare.net,,,FALSE,
513,2017-09-24,Shirl,,sbraamse8@java.com,186.248.121.126,,FALSE,
514,2014-05-03,Jonas,Siemons,jsiemonse9@arizona.edu,,,TRUE,
515,2014-10-06,Pepi,McQuaker,pmcquakerea@whitehouse.gov,,,TRUE,62-511
516,2013-10-22,Lee,Dorrington,ldorringtoneb@vistaprint.com,135.251.220.216,https://robohash.org/nemoquasiipsam.png?size=50x50&set=set1,TRUE,
517,2017-11-24,Danika,Cressar,dcressarec@accuweather.com,118.53.188.131,,FALSE,
518,2017-12-27,Carolyn,Diwell,cdiwelled@telegraph.co.uk,103.171.8.250,,FALSE,
519,2016-01-25,Winonah,Gemeau,wgemeauee@wikipedia.org,30.51.58.16,https://robohash.org/quasimagnamdeleniti.png?size=50x50&set=set1,FALSE,
520,2018-04-21,Bud,Dutnell,bdutnellef@cisco.com,6.24.191.58,https://robohash.org/etmollitiaenim.png?size=50x50&set=set1,TRUE,
521,2015-10-13,Paola,Rouby,proubyeg@earthlink.net,,,FALSE,
522,2015-01-10,Kalvin,Bonn,kbonneh@java.com,94.237.55.221,,FALSE,4001
523,2015-05-08,Sib,Truce,struceei@toplist.cz,222.2.230.219,https://robohash.org/quiautvoluptate.png?size=50x50&set=set1,FALSE,694062
524,2017-04-04,Xavier,Wheelwright,xwheelwrightej@time.com,170.253.18.48,,TRUE,
525,2013-05-15,Nick,Vezey,nvezeyek@businessinsider.com,214.12.239.155,,TRUE,
526,2016-07-21,Jess,,jdibiasiel@sitemeter.com,,https://robohash.org/quospariaturiusto.png?size=50x50&set=set1,FALSE,
527,2013-08-23,Renae,,rtoulminem@smugmug.com,21.49.37.245,https://robohash.org/nonsuntcum.png?size=50x50&set=set1,TRUE,
528,2016-06-17,Philippine,Enderle,penderleen@quantcast.com,72.53.254.60,https://robohash.org/voluptatemeterror.png?size=50x50&set=set1,FALSE,
529,2015-04-28,Kylie,Chezelle,kchezelleeo@apache.org,1.175.189.45,,TRUE,
530,2015-03-09,Caresa,Devonald,cdevonaldep@wikimedia.org,104.61.106.49,,TRUE,
531,2017-10-20,Zora,Bewick,zbewickeq@cam.ac.uk,1.49.43.230,https://robohash.org/placeatestquo.png?size=50x50&set=set1,TRUE,37564-000
532,2015-03-15,Fedora,Burde,fburdeer@microsoft.com,60.225.109.81,,TRUE,
533,2017-07-02,Tymothy,de Tocqueville,tdetocquevillees@zdnet.com,,,FALSE,48330-000
534,2015-07-01,Mureil,Hammel,mhammelet@exblog.jp,129.196.234.196,,FALSE,
535,2016-03-15,Shirline,Trevino,strevinoeu@virginia.edu,196.242.63.184,,FALSE,
536,2013-10-24,Angelika,Pringer,apringerev@bigcartel.com,230.207.131.52,,FALSE,
537,2017-06-26,Barrie,McGannon,bmcgannonew@cyberchimps.com,129.55.42.53,https://robohash.org/aspernaturfacilisiure.png?size=50x50&set=set1,TRUE,
538,2016-10-04,Markus,Ives,mivesex@zimbio.com,81.44.23.153,,FALSE,
539,2018-01-10,Barret,Pybus,bpybusey@ask.com,,,TRUE,
540,2016-11-05,Adeline,Sebrens,asebrensez@patch.com,,https://robohash.org/ipsuminconsequatur.png?size=50x50&set=set1,TRUE,
541,2014-03-06,Josh,,jzanref0@mozilla.org,,,TRUE,30440
542,2014-06-09,Odell,Fishpool,ofishpoolf1@cocolog-nifty.com,34.62.22.15,https://robohash.org/eosconsequaturnecessitatibus.png?size=50x50&set=set1,FALSE,52460
543,2014-02-28,,Duckers,gduckersf2@so-net.ne.jp,153.84.110.214,,FALSE,
544,2014-10-27,Consuelo,Slocomb,cslocombf3@nature.com,,https://robohash.org/molestiaefacereexcepturi.png?size=50x50&set=set1,TRUE,
545,2016-12-10,Liane,Salan,lsalanf4@google.com.br,58.206.3.84,https://robohash.org/doloremillosunt.png?size=50x50&set=set1,TRUE,
546,2016-04-18,Jacqui,Ivanonko,jivanonkof5@bravesites.com,60.4.217.157,,FALSE,
547,2016-02-14,Marieann,Melody,mmelodyf6@bloglovin.com,47.56.225.0,,TRUE,
548,2013-06-15,Bryce,Ritelli,britellif7@globo.com,250.246.215.117,,FALSE,
549,2018-04-11,Zack,Fripp,zfrippf8@ca.gov,58.160.204.59,,TRUE,
550,2013-11-13,Cross,,ckeeltaghf9@opera.com,29.210.174.102,,FALSE,
551,2014-04-16,Francisca,Armor,farmorfa@seesaa.net,207.148.136.11,,FALSE,
552,2016-07-10,Urbain,Gerkens,ugerkensfb@freewebs.com,171.252.89.25,,TRUE,
553,2018-04-08,Roger,Dalley,rdalleyfc@nydailynews.com,169.108.234.6,,TRUE,
554,2016-01-14,Pauline,Lilburn,plilburnfd@berkeley.edu,,https://robohash.org/autemiurevoluptatem.png?size=50x50&set=set1,FALSE,
555,2013-10-22,Cyrillus,Dutnall,cdutnallfe@irs.gov,89.6.128.242,,FALSE,
556,2015-06-02,Keen,Rew,krewff@plala.or.jp,90.241.134.187,https://robohash.org/temporibusvelitab.png?size=50x50&set=set1,TRUE,93610
557,2017-08-25,Shelli,Isacke,sisackefg@tumblr.com,251.41.143.115,https://robohash.org/reprehenderitestnon.png?size=50x50&set=set1,TRUE,51700
558,2016-07-07,Karissa,Torbet,ktorbetfh@bravesites.com,134.237.35.198,,FALSE,
559,2014-03-06,Gaspard,Gostall,ggostallfi@fastcompany.com,117.180.41.14,,FALSE,
560,2014-04-23,Kingston,Chamberlayne,kchamberlaynefj@networksolutions.com,177.237.165.165,,FALSE,
561,2014-09-02,Emiline,Treverton,etrevertonfk@squarespace.com,40.48.26.191,,FALSE,19146
562,2014-03-04,Rabbi,Hunnisett,rhunnisettfl@deviantart.com,,,TRUE,
563,2017-01-02,Priscilla,Prando,pprandofm@google.de,223.216.84.135,,FALSE,
564,2014-02-18,Cleveland,,cvinkfn@sitemeter.com,212.106.226.95,https://robohash.org/eosvoluptasinventore.png?size=50x50&set=set1,TRUE,
565,2014-02-14,Aidan,McCaster,amccasterfo@mozilla.org,65.212.14.157,,FALSE,
566,2018-04-24,Gerhardine,Steffan,gsteffanfp@aol.com,36.107.114.214,,TRUE,
567,2013-09-10,Zackariah,Barzen,zbarzenfq@yahoo.co.jp,,,FALSE,
568,2014-12-23,Lemmie,Kidds,lkiddsfr@delicious.com,198.14.4.172,,TRUE,
569,2016-10-01,Sarah,Atteridge,satteridgefs@printfriendly.com,97.149.213.37,https://robohash.org/omnisperspiciatismollitia.png?size=50x50&set=set1,TRUE,
570,2017-08-28,Petunia,Breakey,pbreakeyft@sciencedirect.com,,,TRUE,
571,2014-07-19,Vaughan,Fearneley,vfearneleyfu@mit.edu,202.148.178.235,,TRUE,
572,2014-11-04,Andy,Adenet,aadenetfv@mysql.com,,,TRUE,6322
573,2015-12-06,Hazlett,,hjanzfw@arstechnica.com,117.58.196.52,https://robohash.org/dolorumiurequi.png?size=50x50&set=set1,FALSE,
574,2014-01-18,Alexandros,,asambrookfx@globo.com,,,TRUE,
575,2013-10-18,Leeanne,Brimble,lbrimblefy@webeden.co.uk,,,TRUE,
576,2014-02-25,Madelin,Shoebottom,mshoebottomfz@ft.com,255.224.21.108,,FALSE,
577,2014-09-09,Nicolai,Richardeau,nrichardeaug0@skyrock.com,239.209.161.230,,TRUE,7008
578,2014-09-13,Fanchette,Zoppo,fzoppog1@globo.com,108.220.0.31,,FALSE,
579,2015-07-15,Stacey,Chatain,schataing2@whitehouse.gov,,,FALSE,
580,2014-09-20,Constantine,Bousler,cbouslerg3@networksolutions.com,,https://robohash.org/vitaenatusin.png?size=50x50&set=set1,TRUE,
581,2013-06-21,Teresita,Hasted,thastedg4@arstechnica.com,133.242.95.128,https://robohash.org/repellendusvoluptatemollitia.png?size=50x50&set=set1,TRUE,31244 CEDEX
582,2014-09-06,Dolley,Edgett,dedgettg5@a8.net,160.61.107.79,,FALSE,122 44
583,2015-10-10,Debee,Kuhn,dkuhng6@freewebs.com,204.180.178.128,,FALSE,68385-000
584,2016-11-21,Corliss,Snugg,csnuggg7@dailymotion.com,146.152.173.85,,FALSE,
585,2017-07-06,Willie,Ruggieri,wruggierig8@google.com,,,TRUE,
586,2017-07-24,Heda,Killford,hkillfordg9@google.ru,8.241.134.146,,TRUE,
587,2015-05-06,Talyah,Patriskson,tpatrisksonga@cam.ac.uk,250.29.236.201,,FALSE,
588,2016-05-22,Beverlee,Riby,bribygb@imageshack.us,211.164.74.97,,FALSE,2341
589,2017-02-19,Alica,Bouskill,abouskillgc@weibo.com,72.36.168.117,,FALSE,
590,2018-05-25,Roarke,Skip,rskipgd@comcast.net,52.205.5.233,,TRUE,6313
591,2014-01-12,Malinde,L'argent,mlargentge@naver.com,,,FALSE,
592,2017-12-11,Adan,Beamont,abeamontgf@google.es,183.45.225.191,https://robohash.org/pariaturoccaecativelit.png?size=50x50&set=set1,FALSE,
593,2015-11-11,,Perrelle,aperrellegg@vinaora.com,197.235.140.91,,TRUE,
594,2015-06-20,Chloette,Dilgarno,cdilgarnogh@github.com,224.120.204.157,https://robohash.org/velrepellendusat.png?size=50x50&set=set1,FALSE,
595,2017-06-25,Rolfe,,rbunneygi@arizona.edu,227.61.58.8,,FALSE,
596,2014-05-20,Corbin,Bryceson,cbrycesongj@ucla.edu,,,FALSE,
597,2016-03-02,Kellsie,Akaster,kakastergk@fastcompany.com,20.1.188.229,,TRUE,2325
598,2016-03-02,Suki,Skene,sskenegl@paginegialle.it,255.47.225.83,,TRUE,34-332
599,2017-05-07,Matthieu,Burgoine,mburgoinegm@google.co.jp,,,FALSE,
600,2014-06-17,Irv,Coulton,icoultongn@salon.com,200.88.10.71,,FALSE,33110
601,2016-06-07,Dolli,Noone,dnoonego@adobe.com,105.82.186.149,,TRUE,
602,2016-04-13,Jonas,Gledhall,jgledhallgp@reddit.com,114.101.223.36,,TRUE,
603,2016-05-13,,Pardey,tpardeygq@weather.com,26.16.189.111,,FALSE,
604,2014-08-04,Odie,Acres,oacresgr@addthis.com,4.173.222.161,,FALSE,4485-048
605,2017-06-14,Faun,Spark,fsparkgs@patch.com,,,FALSE,
606,2018-04-15,Oby,Alans,oalansgt@msu.edu,,,FALSE,
607,2015-08-07,Stephanie,,santcliffegu@sun.com,,https://robohash.org/isteharumlaboriosam.png?size=50x50&set=set1,FALSE,
608,2017-03-06,Marin,Maldin,mmaldingv@hostgator.com,247.23.252.101,,FALSE,7940
609,2016-02-20,Gun,Jandl,gjandlgw@dell.com,187.249.206.30,,FALSE,
610,2013-04-22,Irvine,Shailer,ishailergx@unc.edu,80.117.114.153,,TRUE,
611,2013-09-17,Alvie,Tonkes,atonkesgy@shutterfly.com,12.249.191.207,,FALSE,791 26
612,2013-02-10,Redford,Kehir,rkehirgz@usda.gov,,,FALSE,
613,2014-01-26,Paul,Fratson,pfratsonh0@digg.com,,https://robohash.org/totamliberoquia.png?size=50x50&set=set1,TRUE,
614,2014-12-07,Kincaid,Pittel,kpittelh1@wordpress.com,33.226.124.187,,FALSE,10160
615,2017-11-03,Sascha,Kelsell,skelsellh2@biglobe.ne.jp,,,FALSE,
616,2013-09-24,Tera,,tjewksh3@shutterfly.com,,https://robohash.org/cumqueetreiciendis.png?size=50x50&set=set1,TRUE,992-1202
617,2016-06-10,Barnabas,Dunguy,bdunguyh4@amazonaws.com,109.51.228.73,,FALSE,
618,2016-04-24,Silvanus,,soconnorh5@illinois.edu,204.85.156.105,,TRUE,
619,2015-01-26,Eustace,Cranage,ecranageh6@house.gov,53.40.166.189,,FALSE,
620,2017-06-26,,Kennerknecht,kkennerknechth7@taobao.com,,,FALSE,269 36
621,2013-10-15,Timothea,McConachie,tmcconachieh8@vimeo.com,188.235.140.143,https://robohash.org/sedodioamet.png?size=50x50&set=set1,TRUE,501-4455
622,2014-06-01,Lurette,Cerie,lcerieh9@jimdo.com,132.73.152.205,https://robohash.org/sapientesimiliqueexercitationem.png?size=50x50&set=set1,TRUE,
623,2018-02-21,Doll,Caddie,dcaddieha@sciencedirect.com,98.230.46.229,,FALSE,
624,2014-09-03,Lula,Lippo,llippohb@unesco.org,2.98.164.106,https://robohash.org/estveritatisrem.png?size=50x50&set=set1,FALSE,
625,2015-07-24,Creigh,Bennough,cbennoughhc@house.gov,171.189.80.180,,FALSE,
626,2015-09-18,Ricky,Noakes,rnoakeshd@parallels.com,73.117.235.58,,FALSE,
627,2014-09-10,Cris,Corteis,ccorteishe@123-reg.co.uk,71.151.244.154,https://robohash.org/aliasvoluptatibusrecusandae.png?size=50x50&set=set1,TRUE,
628,2015-07-06,Celina,Lunney,clunneyhf@house.gov,,,TRUE,
629,2016-05-25,Darlleen,Izzat,dizzathg@indiatimes.com,166.206.233.237,,FALSE,
630,2017-10-23,Lionel,Kemet,lkemethh@reverbnation.com,57.244.198.150,,FALSE,
631,2015-12-03,Wiley,Proughten,wproughtenhi@icio.us,104.104.207.35,,FALSE,
632,2014-11-18,Neal,,nmidgelyhj@histats.com,187.13.58.112,,TRUE,
633,2014-04-15,Ichabod,Rojas,irojashk@geocities.jp,116.132.135.220,https://robohash.org/quiautexcepturi.png?size=50x50&set=set1,TRUE,
634,2013-10-13,Maude,Ledrun,mledrunhl@wikia.com,,https://robohash.org/natussitperferendis.png?size=50x50&set=set1,TRUE,
635,2014-03-05,,Laughrey,alaughreyhm@usatoday.com,124.84.201.231,https://robohash.org/officiisautdoloribus.png?size=50x50&set=set1,FALSE,307442
636,2013-10-06,Clementina,,celvenhn@google.com.br,220.141.60.209,,TRUE,
637,2017-07-09,,Poag,epoagho@apple.com,,,FALSE,
638,2018-03-17,,Shoesmith,cshoesmithhp@parallels.com,255.240.148.223,,FALSE,
639,2017-06-12,Taryn,Rosewarne,trosewarnehq@zdnet.com,1.80.175.118,,TRUE,
640,2016-08-27,Norri,Grelak,ngrelakhr@hatena.ne.jp,175.98.220.131,https://robohash.org/cupiditateillumsint.png?size=50x50&set=set1,FALSE,114 79
641,2017-11-28,Almire,Holehouse,aholehousehs@csmonitor.com,152.104.44.195,,FALSE,6126
642,2016-02-17,Yorker,Blodget,yblodgetht@tinypic.com,17.205.114.184,,FALSE,
643,2016-09-10,Gibbie,Daynter,gdaynterhu@github.io,247.17.98.9,https://robohash.org/etnequealiquid.png?size=50x50&set=set1,TRUE,
644,2017-05-01,Marjorie,Mowsley,mmowsleyhv@t-online.de,93.99.46.174,,FALSE,
645,2016-01-05,Jens,Klulisek,jklulisekhw@kickstarter.com,226.22.243.76,,TRUE,
646,2016-02-04,Mandel,Aucoate,maucoatehx@ezinearticles.com,87.59.247.25,,TRUE,
647,2013-09-09,Geordie,Heel,gheelhy@goo.gl,135.83.60.102,,TRUE,3565
648,2018-03-18,Noni,Gookey,ngookeyhz@tuttocitta.it,254.120.0.84,https://robohash.org/recusandaesuntiste.png?size=50x50&set=set1,TRUE,
649,2013-11-18,Kiley,Antcliffe,kantcliffei0@wunderground.com,182.242.70.232,,TRUE,31224
650,2016-06-07,Reynard,,rleali1@java.com,32.135.5.239,,FALSE,
651,2015-11-17,Benoit,Staresmeare,bstaresmearei2@adobe.com,101.242.28.226,https://robohash.org/sintsolutaquas.png?size=50x50&set=set1,TRUE,
652,2015-10-09,Dulcine,Mattussevich,dmattussevichi3@yelp.com,,,FALSE,
653,2017-10-04,Helsa,Tonks,htonksi4@scientificamerican.com,,,FALSE,
654,2015-02-13,Livvy,Darnody,ldarnodyi5@chicagotribune.com,173.93.25.48,,TRUE,
655,2014-10-26,Cybil,Lacroutz,clacroutzi6@123-reg.co.uk,7.232.229.61,,FALSE,
656,2014-08-28,Indira,,idutchi7@timesonline.co.uk,72.129.199.212,,FALSE,
657,2015-08-23,,Vankov,qvankovi8@cisco.com,108.116.39.221,,TRUE,
658,2015-03-02,Cathie,Rubinfajn,crubinfajni9@google.com,120.239.185.31,https://robohash.org/molestiaenonnatus.png?size=50x50&set=set1,FALSE,
659,2013-12-21,Karita,Treherne,ktreherneia@ycombinator.com,193.247.101.222,,FALSE,
660,2015-02-20,Cher,Fills,cfillsib@goodreads.com,107.134.42.209,https://robohash.org/autdelectusdolor.png?size=50x50&set=set1,FALSE,
661,2016-07-15,Giustina,Tulleth,gtullethic@mapy.cz,97.46.25.110,https://robohash.org/pariaturvoluptasplaceat.png?size=50x50&set=set1,TRUE,
662,2014-12-25,Hersh,Wayper,hwayperid@usda.gov,217.120.237.4,https://robohash.org/quosfacerevoluptate.png?size=50x50&set=set1,FALSE,519-0142
663,2016-12-10,Timmy,Brabben,tbrabbenie@noaa.gov,55.122.238.187,https://robohash.org/sedteneturrecusandae.png?size=50x50&set=set1,FALSE,
664,2017-10-21,Tremain,Bromige,tbromigeif@usatoday.com,,,FALSE,
665,2015-05-07,Vaughn,Newnham,vnewnhamig@vk.com,,,FALSE,
666,2013-07-27,Ertha,Austins,eaustinsih@reddit.com,,https://robohash.org/quirerumvel.png?size=50x50&set=set1,FALSE,
667,2016-10-11,Sallee,Harriman,sharrimanii@google.com.hk,114.123.40.121,,FALSE,
668,2013-08-18,Wang,Setter,wsetterij@nba.com,,,FALSE,
669,2017-08-27,Constancy,Vile,cvileik@e-recht24.de,,,FALSE,
670,2016-04-24,Dodie,Seals,dsealsil@unc.edu,170.76.138.135,,TRUE,
671,2015-01-22,Madella,Grieveson,mgrievesonim@hubpages.com,79.199.153.27,https://robohash.org/quosautemin.png?size=50x50&set=set1,FALSE,
672,2017-02-23,Holly-anne,,hdalliin@google.fr,17.134.150.191,https://robohash.org/dictaenimbeatae.png?size=50x50&set=set1,FALSE,
673,2017-07-07,Corty,Patrone,cpatroneio@freewebs.com,,https://robohash.org/autestrecusandae.png?size=50x50&set=set1,FALSE,
674,2017-01-16,Boony,Bumpas,bbumpasip@rediff.com,81.17.124.141,https://robohash.org/doloreetearum.png?size=50x50&set=set1,TRUE,39400-000
675,2016-06-07,Pearline,Pavese,ppaveseiq@washingtonpost.com,107.114.134.177,,FALSE,
676,2014-03-16,Martino,Petric,mpetricir@t.co,46.202.115.20,,TRUE,
677,2013-11-20,Mora,,mcocheis@wordpress.org,45.204.220.138,,FALSE,
678,2014-04-15,Anna-diane,,ashegogit@wikia.com,77.74.167.65,,FALSE,
679,2013-06-20,Orazio,Jeste,ojesteiu@nydailynews.com,250.38.38.131,,FALSE,1047
680,2017-05-26,Patricio,Pannaman,ppannamaniv@clickbank.net,234.137.100.217,https://robohash.org/quiutnon.png?size=50x50&set=set1,FALSE,
681,2017-11-03,,Snoxell,msnoxelliw@howstuffworks.com,86.108.253.11,https://robohash.org/doloresvoluptasasperiores.png?size=50x50&set=set1,FALSE,
682,2017-08-05,,Meardon,bmeardonix@newyorker.com,237.132.170.138,,TRUE,
683,2014-08-05,Harp,,hmoberleyiy@blog.com,139.224.82.93,https://robohash.org/nonadautem.png?size=50x50&set=set1,FALSE,
684,2014-01-15,Travis,Yewdall,tyewdalliz@mashable.com,182.126.211.82,,TRUE,
685,2017-02-17,Virgie,Everit,veveritj0@bloglovin.com,169.52.138.109,,TRUE,75353 SP 07
686,2017-10-14,Dottie,Rockhall,drockhallj1@forbes.com,109.196.91.181,https://robohash.org/eadeseruntcupiditate.png?size=50x50&set=set1,TRUE,
687,2014-12-28,Correna,De Hooch,cdehoochj2@sciencedaily.com,248.124.21.66,,FALSE,
688,2015-08-11,Cross,Klimowski,cklimowskij3@prnewswire.com,35.229.206.112,,TRUE,
689,2015-04-13,Alphonse,Fetter,afetterj4@scribd.com,,,FALSE,
690,2013-06-20,Chaunce,Audley,caudleyj5@over-blog.com,98.63.4.26,,FALSE,
691,2015-08-04,Bertrand,Geldeford,bgeldefordj6@pinterest.com,246.6.214.64,,TRUE,9488
692,2014-03-10,Emanuele,,ewhitneyj7@abc.net.au,68.132.10.227,,FALSE,
693,2018-03-02,Melicent,,mthumannj8@joomla.org,114.77.231.167,,FALSE,
694,2013-12-10,Frans,MacMichael,fmacmichaelj9@house.gov,,,FALSE,
695,2016-01-28,Archibaldo,Fusco,afuscoja@phpbb.com,,,FALSE,
696,2015-02-26,Dorian,Forrest,dforrestjb@who.int,54.28.185.172,,TRUE,
697,2015-06-21,Concordia,Vandrill,cvandrilljc@clickbank.net,156.44.209.17,,FALSE,
698,2017-03-07,Silvan,,sbowcherjd@prnewswire.com,53.101.181.212,https://robohash.org/delenitimolestiaereiciendis.png?size=50x50&set=set1,FALSE,
699,2013-03-19,Claudelle,Willingham,cwillinghamje@miibeian.gov.cn,128.180.121.164,,TRUE,97-217
700,2015-04-08,Jorry,Semiraz,jsemirazjf@tamu.edu,103.32.153.81,https://robohash.org/delenitiautmolestias.png?size=50x50&set=set1,FALSE,
701,2013-10-15,Jaimie,Migheli,jmighelijg@shareasale.com,226.82.128.78,,TRUE,
702,2016-03-13,Clair,Molder,cmolderjh@mail.ru,237.193.166.36,https://robohash.org/velillumdolores.png?size=50x50&set=set1,FALSE,
703,2017-04-28,Kort,Clemanceau,kclemanceauji@rakuten.co.jp,244.174.16.140,https://robohash.org/itaqueatsed.png?size=50x50&set=set1,TRUE,9802
704,2017-11-06,Jock,Pourvoieur,jpourvoieurjj@php.net,,,TRUE,
705,2013-03-17,Tallou,Blair,tblairjk@freewebs.com,4.7.225.45,,TRUE,417 02
706,2016-04-02,Claresta,Roarty,croartyjl@toplist.cz,170.19.202.134,,TRUE,
707,2018-05-08,,,ealldisjm@newyorker.com,,,TRUE,
708,2017-04-05,Maggie,Verson,mversonjn@storify.com,182.94.226.172,,TRUE,28-440
709,2015-04-02,Abbot,Rochester,arochesterjo@tinypic.com,132.186.29.105,,FALSE,
710,2016-08-24,Willow,Kuhnke,wkuhnkejp@nasa.gov,197.95.242.240,https://robohash.org/natusdeseruntullam.png?size=50x50&set=set1,TRUE,
711,2016-03-04,Carny,MacCaughey,cmaccaugheyjq@newsvine.com,117.218.173.153,https://robohash.org/laboriosamauteminventore.png?size=50x50&set=set1,FALSE,
712,2014-09-17,Halsy,Hughes,hhughesjr@harvard.edu,,,TRUE,
713,2015-09-27,Vinnie,Bohlin,vbohlinjs@fotki.com,132.31.182.120,,TRUE,
714,2014-04-16,Marika,Jaggers,mjaggersjt@instagram.com,118.62.172.49,,FALSE,
715,2016-10-16,Sandie,Elven,selvenju@163.com,,https://robohash.org/ducimusnisianimi.png?size=50x50&set=set1,TRUE,
716,2016-08-19,Clementius,Penwright,cpenwrightjv@comcast.net,246.178.210.76,,TRUE,
717,2017-11-19,Emmott,,eburkejw@com.com,,https://robohash.org/utadpossimus.png?size=50x50&set=set1,TRUE,4820-449
718,2017-01-06,Van,Wimmers,vwimmersjx@reference.com,163.119.58.129,,TRUE,
719,2013-08-28,Leroi,Gribbins,lgribbinsjy@wix.com,,,TRUE,
720,2017-06-14,Renado,Blackett,rblackettjz@princeton.edu,,https://robohash.org/perferendisquisquamvoluptatem.png?size=50x50&set=set1,FALSE,
721,2016-11-13,Molly,Blazhevich,mblazhevichk0@pbs.org,215.62.76.177,,FALSE,
722,2016-01-23,Fan,McNair,fmcnairk1@google.com,,,FALSE,
723,2017-04-05,Marcellus,Jarry,mjarryk2@gravatar.com,,,FALSE,
724,2015-01-12,Bradan,Greatreax,bgreatreaxk3@xrea.com,244.150.99.206,,FALSE,
725,2018-03-13,Brade,Shepard,bshepardk4@icq.com,169.183.47.173,https://robohash.org/rerumveritatisnihil.png?size=50x50&set=set1,TRUE,
726,2013-12-04,Pietro,Plampin,pplampink5@time.com,,,TRUE,
727,2013-12-27,Edd,,estoppsk6@tripod.com,252.195.40.164,,FALSE,
728,2015-07-11,Den,Pethybridge,dpethybridgek7@kickstarter.com,76.42.225.21,https://robohash.org/voluptatemrerumquisquam.png?size=50x50&set=set1,FALSE,77-124
729,2015-06-27,Vasily,,vbartusekk8@instagram.com,,,TRUE,
730,2014-04-24,Bette-ann,Penlington,bpenlingtonk9@home.pl,221.51.76.79,,TRUE,
731,2014-07-11,Delly,Garmston,dgarmstonka@ted.com,241.213.46.47,,TRUE,30260
732,2014-10-19,,,dgreenekb@123-reg.co.uk,,,TRUE,
733,2018-03-14,Leonerd,Toward,ltowardkc@craigslist.org,51.46.16.182,https://robohash.org/idteneturmagni.png?size=50x50&set=set1,TRUE,
734,2016-09-27,Elysee,Genny,egennykd@businessweek.com,195.149.22.55,,FALSE,
735,2015-01-10,Mia,Ricciardi,mricciardike@hugedomains.com,225.159.235.16,,TRUE,
736,2014-05-16,Killy,Rashleigh,krashleighkf@buzzfeed.com,255.229.180.251,,FALSE,
737,2014-09-17,Wilone,Bondesen,wbondesenkg@plala.or.jp,201.153.57.231,https://robohash.org/eavoluptasvoluptas.png?size=50x50&set=set1,TRUE,
738,2016-08-28,Merrick,Mayzes,mmayzeskh@deliciousdays.com,,,TRUE,95445 CEDEX
739,2017-03-21,Walker,Palatino,wpalatinoki@economist.com,,https://robohash.org/delenitiautsint.png?size=50x50&set=set1,TRUE,34-145
740,2016-10-23,Korey,Phare,kpharekj@bloglines.com,,,TRUE,
741,2013-06-05,Odelia,Bovingdon,obovingdonkk@list-manage.com,176.95.165.147,,FALSE,
742,2014-06-26,Toddie,Backshell,tbackshellkl@nytimes.com,12.211.41.76,,FALSE,
743,2018-03-16,Mickie,Baskwell,mbaskwellkm@elpais.com,,https://robohash.org/estanimialiquid.png?size=50x50&set=set1,FALSE,
744,2013-07-20,Berry,Dovey,bdoveykn@cam.ac.uk,163.36.15.148,,FALSE,28055
745,2013-03-28,Henrik,Feetham,hfeethamko@devhub.com,158.164.183.252,https://robohash.org/idasperioresab.png?size=50x50&set=set1,FALSE,2902
746,2015-08-23,Minni,,msigmundkp@blogspot.com,174.156.207.93,,FALSE,
747,2015-07-21,Carita,Kleingrub,ckleingrubkq@mit.edu,,,FALSE,
748,2018-02-04,Marybeth,Faithfull,mfaithfullkr@nytimes.com,,https://robohash.org/molestiaeeaaut.png?size=50x50&set=set1,FALSE,650
749,2015-10-11,Gloriana,Dibbin,gdibbinks@example.com,148.97.191.194,,FALSE,571-0002
750,2016-01-05,Buddy,Raulstone,braulstonekt@ihg.com,,,TRUE,
751,2015-12-10,Karlotta,Vurley,kvurleyku@google.com.br,118.1.6.96,https://robohash.org/autemomnisnisi.png?size=50x50&set=set1,TRUE,2392
752,2016-07-06,Hans,Penelli,hpenellikv@51.la,234.190.188.12,,FALSE,
753,2016-11-22,Maren,Pollen,mpollenkw@vk.com,,,TRUE,
754,2014-05-11,Shamus,Harby,sharbykx@free.fr,240.92.238.179,https://robohash.org/eiusdelectuset.png?size=50x50&set=set1,TRUE,
755,2016-10-18,Lucias,Vynall,lvynallky@google.com,145.181.60.24,,FALSE,
756,2017-11-25,Domenic,Cockrill,dcockrillkz@php.net,199.52.145.243,,FALSE,
757,2013-08-04,Poul,Noke,pnokel0@columbia.edu,213.75.217.233,,FALSE,
758,2013-05-10,Lise,Ilyuchyov,lilyuchyovl1@unicef.org,,,TRUE,
759,2018-05-19,Milicent,Dyble,mdyblel2@goo.ne.jp,194.234.150.80,https://robohash.org/enimsitporro.png?size=50x50&set=set1,TRUE,
760,2014-11-20,Calli,Coad,ccoadl3@marriott.com,27.250.130.60,,TRUE,
761,2016-01-16,Joyan,Walewicz,jwalewiczl4@booking.com,4.71.36.43,,FALSE,9227
762,2016-12-22,Lane,Dedman,ldedmanl5@taobao.com,44.196.211.125,,FALSE,8118
763,2017-10-23,Donal,Ogden,dogdenl6@sohu.com,,,TRUE,
764,2015-11-23,Emiline,Charkham,echarkhaml7@answers.com,178.157.137.223,https://robohash.org/dolorlaboriosamrem.png?size=50x50&set=set1,FALSE,
765,2016-03-17,Gualterio,Zorer,gzorerl8@craigslist.org,219.152.145.103,https://robohash.org/iureessepossimus.png?size=50x50&set=set1,FALSE,43506
766,2014-07-16,Annie,Corran,acorranl9@elegantthemes.com,,,TRUE,94324
767,2017-07-28,Ettore,Yurevich,eyurevichla@ihg.com,84.18.249.64,,TRUE,
768,2015-12-02,Carita,Merricks,cmerrickslb@newyorker.com,,https://robohash.org/molestiaeomnisaut.png?size=50x50&set=set1,TRUE,
769,2014-06-24,Si,Reeman,sreemanlc@tuttocitta.it,65.34.132.177,https://robohash.org/asperioressinteos.png?size=50x50&set=set1,FALSE,
770,2015-03-04,Brita,Herrema,bherremald@chron.com,,https://robohash.org/quianecessitatibusmollitia.png?size=50x50&set=set1,TRUE,24000
771,2015-04-18,Aurelia,,ascahillle@amazon.co.uk,,,TRUE,
772,2013-05-13,Agnesse,,agrottylf@samsung.com,194.182.85.128,,FALSE,
773,2016-08-06,Belia,Binch,bbinchlg@slashdot.org,160.115.32.79,,FALSE,
774,2015-10-17,Aindrea,McMillam,amcmillamlh@omniture.com,,https://robohash.org/odionobisearum.png?size=50x50&set=set1,FALSE,
775,2017-01-17,Jesus,,jrickettli@pinterest.com,255.83.77.198,,FALSE,
776,2014-05-06,Margie,Possell,mposselllj@livejournal.com,223.138.53.119,,TRUE,
777,2015-10-25,Ema,Ridgwell,eridgwelllk@sitemeter.com,,,FALSE,
778,2015-02-18,Troy,Turle,tturlell@studiopress.com,63.7.162.7,https://robohash.org/molestiaequipossimus.png?size=50x50&set=set1,TRUE,
779,2016-05-21,Gay,Killwick,gkillwicklm@scribd.com,,,FALSE,
780,2017-06-09,Jared,Leeman,jleemanln@1688.com,79.79.213.179,,FALSE,
781,2015-04-12,,Hammatt,jhammattlo@t.co,104.8.44.105,,TRUE,
782,2018-03-21,Ofelia,Petrie,opetrielp@fda.gov,92.70.117.66,https://robohash.org/voluptasfugiatperspiciatis.png?size=50x50&set=set1,FALSE,
783,2016-12-07,Baillie,Templman,btemplmanlq@harvard.edu,142.29.92.73,,FALSE,
784,2017-06-03,Jake,Tremellan,jtremellanlr@biglobe.ne.jp,,,TRUE,
785,2013-05-09,Emmye,Withrington,ewithringtonls@discuz.net,,https://robohash.org/esseuthic.png?size=50x50&set=set1,FALSE,
786,2016-11-24,Elle,Wenban,ewenbanlt@naver.com,,https://robohash.org/odiobeataeeos.png?size=50x50&set=set1,TRUE,25045 CEDEX
787,2013-03-10,Josiah,Fishpond,jfishpondlu@tmall.com,111.89.32.90,,TRUE,
788,2013-12-15,Amabelle,Pellett,apellettlv@yolasite.com,,,TRUE,
789,2018-02-24,Filberte,Drinkel,fdrinkellw@quantcast.com,141.45.41.193,https://robohash.org/quibusdamsolutaiste.png?size=50x50&set=set1,TRUE,
790,2015-03-17,Derby,Reichartz,dreichartzlx@army.mil,,https://robohash.org/perferendisetfacilis.png?size=50x50&set=set1,FALSE,
791,2014-03-14,Amberly,Palmer,apalmerly@ox.ac.uk,91.26.122.105,https://robohash.org/laudantiumiustoea.png?size=50x50&set=set1,TRUE,
792,2017-09-25,Byron,Reynold,breynoldlz@samsung.com,153.118.108.243,,FALSE,
793,2015-04-26,Berrie,Scamaden,bscamadenm0@chronoengine.com,151.226.219.94,,TRUE,
794,2016-10-28,Cary,Parmer,cparmerm1@hostgator.com,204.238.131.208,https://robohash.org/estpariaturodit.png?size=50x50&set=set1,TRUE,1074
795,2017-05-27,Bob,Marham,bmarhamm2@samsung.com,244.160.0.109,,FALSE,
796,2017-01-08,Mick,Curnock,mcurnockm3@sun.com,230.133.74.100,,FALSE,
797,2014-08-18,Brear,Urry,burrym4@1und1.de,181.41.111.148,https://robohash.org/quamprovidentitaque.png?size=50x50&set=set1,FALSE,
798,2017-02-17,Petunia,Bullcock,pbullcockm5@squidoo.com,220.42.91.146,,FALSE,
799,2014-12-17,Maureen,Briereton,mbrieretonm6@scribd.com,203.41.223.41,https://robohash.org/natusetdolores.png?size=50x50&set=set1,TRUE,
800,2013-11-13,Randee,Bleibaum,rbleibaumm7@qq.com,11.47.145.230,,TRUE,2970-841
801,2016-04-03,Lonnard,Exer,lexerm8@google.es,155.128.57.11,https://robohash.org/occaecatiipsammodi.png?size=50x50&set=set1,FALSE,
802,2015-06-24,Florencia,Akast,fakastm9@sina.com.cn,192.101.249.133,,TRUE,9225
803,2013-02-27,Addy,Goly,agolyma@berkeley.edu,115.113.153.152,https://robohash.org/temporeevenietdeserunt.png?size=50x50&set=set1,FALSE,
804,2016-08-05,Legra,Bernhardsson,lbernhardssonmb@angelfire.com,68.33.186.108,https://robohash.org/nullaomnisut.png?size=50x50&set=set1,FALSE,
805,2017-12-07,Binky,Drogan,bdroganmc@harvard.edu,135.167.31.209,,FALSE,
806,2013-08-26,Dante,Daftor,ddaftormd@aboutads.info,81.205.59.219,,FALSE,71009 CEDEX
807,2014-06-01,Celka,Walwood,cwalwoodme@chron.com,,,TRUE,
808,2015-10-18,Madelina,Dockery,mdockerymf@cargocollective.com,,https://robohash.org/sedcommodiet.png?size=50x50&set=set1,FALSE,
809,2017-03-04,Dominica,O'Sculley,dosculleymg@jiathis.com,206.185.167.116,,FALSE,20404
810,2015-11-13,Stefano,Clarke-Williams,sclarkewilliamsmh@linkedin.com,197.46.209.211,,TRUE,
811,2014-12-24,Channa,Stidworthy,cstidworthymi@microsoft.com,,,FALSE,
812,2018-04-20,,McShirrie,mmcshirriemj@bigcartel.com,,,FALSE,432980
813,2016-11-21,Lek,Varden,lvardenmk@1688.com,36.188.152.217,https://robohash.org/etsintconsequatur.png?size=50x50&set=set1,TRUE,51253
814,2014-06-20,Van,Martinet,vmartinetml@desdev.cn,,,TRUE,
815,2017-02-18,,,itompionmm@wikia.com,32.85.10.153,,FALSE,
816,2014-08-21,Idette,Ibbison,iibbisonmn@freewebs.com,28.194.117.57,https://robohash.org/exutprovident.png?size=50x50&set=set1,TRUE,
817,2013-10-03,Gene,Ballingal,gballingalmo@webnode.com,165.83.202.185,,FALSE,
818,2013-07-15,Juana,,jhenzleymp@networkadvertising.org,77.220.159.21,,FALSE,
819,2014-04-09,Ros,Ames,ramesmq@nps.gov,,https://robohash.org/nobisutesse.png?size=50x50&set=set1,FALSE,
820,2013-11-01,Dorisa,Jorger,djorgermr@printfriendly.com,26.101.234.93,,TRUE,
821,2016-10-19,Dre,Botfield,dbotfieldms@irs.gov,158.67.108.91,,TRUE,70211
822,2016-02-27,Brod,Werlock,bwerlockmt@myspace.com,150.182.202.235,,FALSE,
823,2017-05-16,Cissy,Tinghill,ctinghillmu@elegantthemes.com,231.144.86.243,,TRUE,
824,2014-05-14,Louisa,Gask,lgaskmv@dagondesign.com,,,TRUE,44-348
825,2014-02-18,Godwin,Stenyng,gstenyngmw@tamu.edu,,,FALSE,
826,2013-10-05,Karyl,Dorn,kdornmx@purevolume.com,208.23.34.100,,TRUE,
827,2017-03-04,Peggy,,phobdenmy@ftc.gov,66.223.59.39,,FALSE,
828,2013-09-25,Thomasine,Steuhlmeyer,tsteuhlmeyermz@ihg.com,110.164.131.209,https://robohash.org/autemblanditiisrerum.png?size=50x50&set=set1,FALSE,
829,2013-06-22,Gael,Kilbourn,gkilbournn0@theguardian.com,189.16.152.146,https://robohash.org/cumporroneque.png?size=50x50&set=set1,FALSE,
830,2017-06-07,Dehlia,McGrouther,dmcgrouthern1@usatoday.com,114.7.25.159,,TRUE,
831,2016-02-01,Billy,Whitwell,bwhitwelln2@unblog.fr,10.108.45.75,,FALSE,
832,2013-05-18,Eada,Pocock,epocockn3@simplemachines.org,105.228.210.199,,FALSE,
833,2017-09-19,Curran,Summerlee,csummerleen4@tamu.edu,,,TRUE,42-575
834,2013-03-16,Adina,Maffia,amaffian5@apple.com,113.152.193.147,https://robohash.org/excepturiquiaet.png?size=50x50&set=set1,TRUE,
835,2013-03-13,,Tulleth,gtullethn6@livejournal.com,247.196.195.236,,FALSE,
836,2014-10-02,Madalena,Denisevich,mdenisevichn7@go.com,235.128.118.71,,TRUE,735037
837,2014-01-25,Edgar,Mabbutt,emabbuttn8@noaa.gov,45.36.213.188,,TRUE,376
838,2016-01-12,Adriane,Dandie,adandien9@dailymotion.com,20.89.82.110,https://robohash.org/porrosedet.png?size=50x50&set=set1,TRUE,
839,2013-06-27,Perren,Gething,pgethingna@about.me,,,FALSE,
840,2015-12-24,Dorthy,Gutcher,dgutchernb@spiegel.de,122.97.7.105,https://robohash.org/utlaudantiumearum.png?size=50x50&set=set1,TRUE,
841,2014-04-19,Pearle,Charley,pcharleync@nytimes.com,,,FALSE,
842,2014-09-03,Gui,,gpemblend@github.com,131.13.59.95,,FALSE,
843,2013-10-15,Zacharias,Aldcorne,zaldcornene@sogou.com,251.255.52.60,,TRUE,
844,2018-01-03,Silvan,Jarvis,sjarvisnf@loc.gov,86.195.116.76,https://robohash.org/doloresetautem.png?size=50x50&set=set1,FALSE,
845,2014-08-16,Opal,Tallquist,otallquistng@ucla.edu,72.184.69.222,,TRUE,
846,2017-08-08,Scarlet,Mance,smancenh@weather.com,36.102.6.85,,TRUE,
847,2015-11-11,Nikki,Housiaux,nhousiauxni@woothemes.com,210.4.23.224,https://robohash.org/voluptasvoluptasnon.png?size=50x50&set=set1,TRUE,
848,2014-01-24,Daron,Shenton,dshentonnj@angelfire.com,155.141.111.55,,FALSE,
849,2017-05-26,Candi,Connue,cconnuenk@earthlink.net,51.131.200.190,,TRUE,
850,2017-06-13,Tania,Huey,thueynl@dell.com,142.89.169.141,,FALSE,
851,2015-04-27,Melisenda,Vinnick,mvinnicknm@mozilla.org,205.81.195.226,,FALSE,
852,2015-06-12,Austen,Gillhespy,agillhespynn@ox.ac.uk,,,TRUE,
853,2016-01-16,Carlos,Worner,cwornerno@wikia.com,,,TRUE,646404
854,2015-09-14,Alisa,,anewtonnp@creativecommons.org,152.15.149.110,,TRUE,
855,2018-05-18,Bevan,,bhustonnq@hao123.com,172.77.14.99,,TRUE,
856,2015-10-06,,,dlandynr@ask.com,246.96.104.129,,TRUE,
857,2017-01-20,Roxi,Lindsley,rlindsleyns@ca.gov,33.186.36.118,https://robohash.org/inventoreetaccusamus.png?size=50x50&set=set1,TRUE,
858,2013-08-21,Aubrette,,ateodorskint@bloomberg.com,,,TRUE,2730-060
859,2014-01-06,Lorrie,Tresvina,ltresvinanu@about.com,71.49.251.59,,TRUE,
860,2017-10-12,Catherin,,cbailsnv@tiny.cc,,,TRUE,8316
861,2016-10-04,Karlene,Clarson,kclarsonnw@slideshare.net,228.11.9.180,https://robohash.org/laboriosamvoluptatibusvoluptatem.png?size=50x50&set=set1,FALSE,77109 CEDEX
862,2014-02-26,Linet,Selland,lsellandnx@github.io,99.148.85.232,,FALSE,
863,2017-10-23,Inigo,,icoldmanny@com.com,185.30.191.194,https://robohash.org/consequaturautemiste.png?size=50x50&set=set1,FALSE,
864,2015-02-25,Ermin,Fierro,efierronz@sphinn.com,178.48.130.132,,FALSE,23120
865,2015-02-01,Steven,Starbeck,sstarbecko0@istockphoto.com,242.195.72.39,https://robohash.org/etnoneligendi.png?size=50x50&set=set1,FALSE,543058
866,2015-12-25,Hilarius,Vassel,hvasselo1@dell.com,180.94.232.45,,TRUE,33394 CEDEX
867,2015-09-15,,Petto,gpettoo2@mapquest.com,35.72.33.163,,FALSE,
868,2018-03-05,Jehu,Carriage,jcarriageo3@slate.com,172.194.17.157,,FALSE,
869,2018-03-24,,Zienkiewicz,mzienkiewiczo4@diigo.com,133.31.5.79,https://robohash.org/velquilaborum.png?size=50x50&set=set1,FALSE,
870,2017-08-06,Magnum,McKechnie,mmckechnieo5@ebay.com,128.188.215.82,,FALSE,
871,2014-02-08,Adan,,akonertzo6@bloglines.com,201.161.187.78,,TRUE,418077
872,2015-11-02,Brendin,Gilhespy,bgilhespyo7@ocn.ne.jp,68.227.121.145,,FALSE,
873,2014-04-25,Paulie,Varney,pvarneyo8@princeton.edu,19.237.220.132,https://robohash.org/omnisconsecteturdolorem.png?size=50x50&set=set1,TRUE,75620-000
874,2015-12-04,Dalli,Skillern,dskillerno9@cafepress.com,62.12.0.138,,TRUE,
875,2013-01-10,Happy,Heaney`,hheaneyoa@oakley.com,251.227.19.155,,FALSE,644000
876,2018-02-16,Sissie,Schneidar,sschneidarob@biglobe.ne.jp,83.94.228.2,https://robohash.org/oditculpadolorem.png?size=50x50&set=set1,TRUE,
877,2018-01-01,,Berks,pberksoc@over-blog.com,29.201.153.151,,FALSE,
878,2016-08-07,Katinka,Gresley,kgresleyod@dot.gov,203.236.38.214,,TRUE,
879,2018-05-26,Lorne,Howkins,lhowkinsoe@oracle.com,91.156.218.125,,FALSE,704038
880,2015-12-22,Mariann,Boone,mbooneof@reuters.com,186.157.251.9,,FALSE,
881,2016-05-06,Oby,Conwell,oconwellog@barnesandnoble.com,95.243.179.237,,FALSE,40510
882,2015-10-06,Eimile,Rozzier,erozzieroh@ibm.com,62.156.67.217,,FALSE,
883,2017-09-16,Mannie,Mumbeson,mmumbesonoi@dmoz.org,,,TRUE,
884,2013-08-22,Benedicto,,bmatthaioj@xing.com,,,FALSE,
885,2016-05-28,Thorvald,Delaney,tdelaneyok@eventbrite.com,163.235.167.244,,TRUE,92056 CEDEX
886,2013-10-03,Peder,Abelov,pabelovol@cocolog-nifty.com,,,FALSE,5280
887,2014-04-16,Irena,Keiling,ikeilingom@imdb.com,,https://robohash.org/laboreillumeum.png?size=50x50&set=set1,TRUE,
888,2018-03-27,Sean,Di Biagio,sdibiagioon@istockphoto.com,34.218.57.222,,TRUE,
889,2014-11-10,Lynnelle,Elsom,lelsomoo@amazon.de,,,TRUE,
890,2015-06-02,Marya,Spaven,mspavenop@opera.com,37.161.194.113,,TRUE,
891,2016-11-10,Kirbie,Bartholomew,kbartholomewoq@wikispaces.com,222.47.146.143,,TRUE,
892,2014-01-27,Lily,Yeldham,lyeldhamor@spiegel.de,,,TRUE,
893,2014-02-03,Clary,Strickler,cstrickleros@smh.com.au,26.76.48.8,https://robohash.org/consecteturexcepturiofficia.png?size=50x50&set=set1,FALSE,
894,2013-03-24,Hogan,Packe,hpackeot@spiegel.de,,https://robohash.org/similiquealiquamfacilis.png?size=50x50&set=set1,TRUE,39200-000
895,2014-09-19,Winthrop,Pridgeon,wpridgeonou@clickbank.net,209.35.46.168,https://robohash.org/sequinostrumquo.png?size=50x50&set=set1,TRUE,
896,2013-02-23,Meridel,Tuttle,mtuttleov@hugedomains.com,50.136.73.182,,TRUE,
897,2016-08-09,Gladi,Allsopp,gallsoppow@reddit.com,218.203.195.230,,FALSE,
898,2016-02-11,Murdock,,msterlingox@csmonitor.com,,,FALSE,
899,2015-10-05,Minna,Dunstone,mdunstoneoy@apple.com,160.62.3.161,,FALSE,56-200
900,2013-07-06,Katie,Polgreen,kpolgreenoz@blogtalkradio.com,,,FALSE,
901,2016-02-10,Davy,Lingner,dlingnerp0@ning.com,103.188.184.35,,FALSE,
902,2016-02-10,Fae,Oosthout de Vree,foosthoutdevreep1@redcross.org,,https://robohash.org/debitisvitaemolestiae.png?size=50x50&set=set1,TRUE,95319 CEDEX
903,2014-01-03,Terrence,Gligori,tgligorip2@princeton.edu,238.159.18.220,,FALSE,92224 CEDEX
904,2016-11-11,Cariotta,Longea,clongeap3@ca.gov,,,TRUE,
905,2017-07-24,,Chrispin,kchrispinp4@wikimedia.org,92.33.146.25,,TRUE,
906,2015-03-09,Vonnie,Fahey,vfaheyp5@plala.or.jp,71.143.178.204,,TRUE,
907,2015-04-12,Jillane,Erbe,jerbep6@globo.com,72.250.205.155,,TRUE,
908,2017-06-23,Averell,Aland,aalandp7@abc.net.au,,,TRUE,
909,2015-11-11,Silvana,Kiddle,skiddlep8@dot.gov,,https://robohash.org/doloremreprehenderitaspernatur.png?size=50x50&set=set1,FALSE,
910,2015-03-20,Godard,Schenfisch,gschenfischp9@vimeo.com,,,TRUE,48232
911,2013-01-11,Reg,Garrettson,rgarrettsonpa@meetup.com,182.48.238.75,https://robohash.org/assumendaetsoluta.png?size=50x50&set=set1,TRUE,
912,2016-11-20,Ennis,Martynikhin,emartynikhinpb@tripadvisor.com,202.253.152.239,,TRUE,
913,2018-01-15,Putnem,Godrich,pgodrichpc@zimbio.com,61.51.140.254,,FALSE,
914,2014-07-01,Haven,Schuelcke,hschuelckepd@admin.ch,225.211.34.149,,FALSE,729-3111
915,2018-01-02,Stephi,Berends,sberendspe@bbb.org,22.93.154.121,,FALSE,2100-309
916,2017-08-17,Carmelita,Plomer,cplomerpf@dell.com,4.172.239.252,,FALSE,
917,2014-11-09,Vin,Brennans,vbrennanspg@mlb.com,,,FALSE,
918,2014-08-01,Curcio,Sinkings,csinkingsph@istockphoto.com,5.126.203.22,,FALSE,
919,2015-05-06,Phil,Beardall,pbeardallpi@google.de,223.216.113.176,https://robohash.org/veniamnihilexercitationem.png?size=50x50&set=set1,FALSE,
920,2018-01-04,,Shakeshaft,hshakeshaftpj@scribd.com,165.236.187.128,,FALSE,
921,2018-02-26,Aurora,Webley,awebleypk@example.com,129.212.91.76,https://robohash.org/consequunturminimaaut.png?size=50x50&set=set1,TRUE,
922,2017-04-17,Ophelie,McCaig,omccaigpl@dot.gov,252.35.221.20,,TRUE,
923,2016-04-09,Norean,Jukubczak,njukubczakpm@bloomberg.com,157.225.104.165,https://robohash.org/nesciuntvoluptatedebitis.png?size=50x50&set=set1,FALSE,
924,2016-07-01,Gayel,Normington,gnormingtonpn@free.fr,117.200.202.138,,TRUE,446378
925,2013-08-20,Cleveland,Di Biagi,cdibiagipo@mozilla.com,,,FALSE,
926,2014-07-11,,Looker,blookerpp@youtube.com,209.1.24.205,,FALSE,
927,2015-01-11,Antonina,Summers,asummerspq@weather.com,,,FALSE,
928,2013-05-19,,Kellard,akellardpr@ed.gov,204.63.169.190,,TRUE,
929,2016-09-18,Natalee,,ngraysmarkps@angelfire.com,226.124.75.155,https://robohash.org/facerenonblanditiis.png?size=50x50&set=set1,TRUE,739 47
930,2013-07-06,Sayer,Swiers,sswierspt@51.la,2.44.177.224,,FALSE,
931,2015-11-15,Darryl,Bernardi,dbernardipu@cdbaby.com,78.19.192.194,https://robohash.org/eiusautcum.png?size=50x50&set=set1,TRUE,368160
932,2017-04-21,Keely,,kconnoppv@blogtalkradio.com,128.66.65.178,,TRUE,
933,2018-02-24,Dore,Pratley,dpratleypw@wufoo.com,154.201.231.35,,FALSE,357637
934,2014-06-05,Danie,,dgiacobillopx@nih.gov,228.87.88.38,,TRUE,
935,2017-10-09,Bobby,Du Barry,bdubarrypy@wsj.com,153.28.205.3,,TRUE,
936,2017-09-16,Blythe,Ast,bastpz@icio.us,94.5.214.230,https://robohash.org/utullamnostrum.png?size=50x50&set=set1,TRUE,814018
937,2013-05-08,Kevin,Python,kpythonq0@blog.com,,https://robohash.org/utiustofugit.png?size=50x50&set=set1,TRUE,38066 CEDEX 2
938,2015-06-06,Wallis,Cornewall,wcornewallq1@google.fr,65.65.218.72,https://robohash.org/placeatdignissimosomnis.png?size=50x50&set=set1,TRUE,
939,2013-10-23,Alfreda,Burel,aburelq2@baidu.com,,,FALSE,
940,2017-04-16,Tristam,Chieco,tchiecoq3@redcross.org,34.213.77.107,,FALSE,
941,2014-01-14,Towny,Casellas,tcasellasq4@washington.edu,31.203.93.83,,TRUE,
942,2014-02-22,Jeane,Windle,jwindleq5@prweb.com,,,FALSE,
943,2018-04-07,Sal,Probat,sprobatq6@amazon.co.jp,230.203.89.169,,FALSE,2419
944,2018-01-10,,Bunney,rbunneyq7@cisco.com,,,TRUE,
945,2018-01-05,Aleta,Polglaze,apolglazeq8@mlb.com,239.232.68.18,,FALSE,
946,2017-06-07,Joey,Jamary,jjamaryq9@symantec.com,,,TRUE,
947,2015-11-16,Kerstin,Levin,klevinqa@istockphoto.com,223.9.100.10,https://robohash.org/uteligendiesse.png?size=50x50&set=set1,TRUE,17011
948,2017-04-26,My,Spaldin,mspaldinqb@sciencedirect.com,109.144.222.30,https://robohash.org/occaecatifacereet.png?size=50x50&set=set1,FALSE,188838
949,2013-06-26,Reinaldos,Klaes,rklaesqc@fotki.com,110.202.94.5,,FALSE,
950,2018-03-05,Davin,Comusso,dcomussoqd@nyu.edu,180.235.211.67,,TRUE,58004 CEDEX
951,2017-02-06,Noland,Gonnely,ngonnelyqe@berkeley.edu,208.250.87.167,,TRUE,
952,2013-01-27,,Maeer,dmaeerqf@netvibes.com,25.158.74.111,,FALSE,
953,2014-01-27,Dorris,Du Pre,ddupreqg@artisteer.com,244.108.246.255,,TRUE,
954,2016-11-13,Ginelle,Stonehouse,gstonehouseqh@is.gd,58.113.129.208,,TRUE,
955,2015-05-03,Rivi,Fitkin,rfitkinqi@usatoday.com,21.121.104.9,,FALSE,
956,2013-03-28,Townsend,Reckless,trecklessqj@hibu.com,130.185.131.85,,FALSE,
957,2015-01-19,Arnoldo,Fanning,afanningqk@sina.com.cn,,https://robohash.org/abbeataerepudiandae.png?size=50x50&set=set1,TRUE,
958,2017-04-28,Cathe,Croan,ccroanql@rambler.ru,102.25.212.82,,FALSE,
959,2016-07-11,Andrei,McInulty,amcinultyqm@un.org,,,TRUE,
960,2013-08-20,Dona,Whitechurch,dwhitechurchqn@cnet.com,222.239.18.97,https://robohash.org/quamquodaccusantium.png?size=50x50&set=set1,TRUE,B2J
961,2016-04-06,Charo,Speake,cspeakeqo@cpanel.net,51.107.105.198,,TRUE,
962,2016-08-18,Willetta,,wlosseljongqp@exblog.jp,59.147.41.168,,FALSE,
963,2017-01-19,Basil,Woolvett,bwoolvettqq@youtu.be,77.82.205.96,,FALSE,
964,2016-06-16,Clerissa,Baulk,cbaulkqr@1und1.de,,,TRUE,
965,2015-10-14,Zelig,Leete,zleeteqs@prlog.org,20.238.139.151,,TRUE,
966,2017-08-27,Herbie,Gantzman,hgantzmanqt@epa.gov,78.240.253.191,https://robohash.org/optiosaepesuscipit.png?size=50x50&set=set1,TRUE,
967,2013-07-19,Quintana,Opy,qopyqu@scribd.com,115.4.149.48,https://robohash.org/rationeveritatisiste.png?size=50x50&set=set1,FALSE,
968,2015-03-14,Ermanno,Waplington,ewaplingtonqv@elegantthemes.com,163.81.191.243,,TRUE,63140
969,2014-06-13,Nicky,MacBey,nmacbeyqw@sakura.ne.jp,139.36.199.18,,FALSE,
970,2016-04-22,Stormy,,sjeffordqx@odnoklassniki.ru,61.81.247.255,,FALSE,2785-041
971,2015-11-06,Abramo,Swansborough,aswansboroughqy@bloglines.com,201.55.75.80,https://robohash.org/necessitatibusitaqueaut.png?size=50x50&set=set1,FALSE,
972,2018-03-20,Rochester,Whissell,rwhissellqz@moonfruit.com,132.210.158.151,,TRUE,652577
973,2014-11-26,Nara,Laborde,nlaborder0@cdbaby.com,68.190.154.41,,TRUE,70065
974,2013-07-19,Inez,Borborough,iborboroughr1@msn.com,181.151.136.177,https://robohash.org/velitutrerum.png?size=50x50&set=set1,TRUE,8201
975,2017-05-15,Vernen,Devenny,vdevennyr2@buzzfeed.com,167.178.130.250,,TRUE,
976,2016-01-02,Arney,Polland,apollandr3@google.com.hk,48.199.48.158,,FALSE,
977,2016-04-27,Udell,Pydcock,upydcockr4@uiuc.edu,40.84.9.28,https://robohash.org/quiconsequaturvoluptatem.png?size=50x50&set=set1,TRUE,
978,2016-05-12,Jeanine,Patty,jpattyr5@princeton.edu,,https://robohash.org/nihilautemrerum.png?size=50x50&set=set1,FALSE,
979,2014-03-01,Sandi,Blamire,sblamirer6@deviantart.com,86.142.160.206,,TRUE,
980,2013-08-13,Nathan,Waterman,nwatermanr7@newyorker.com,23.139.20.195,https://robohash.org/repellendusexplicaboest.png?size=50x50&set=set1,FALSE,
981,2013-11-18,,Menauteau,gmenauteaur8@flavors.me,197.68.130.236,,FALSE,
982,2017-02-13,Jory,Arderne,jarderner9@jimdo.com,157.135.74.159,,FALSE,
983,2017-09-03,Pepito,Harrild,pharrildra@oracle.com,,,TRUE,55170
984,2014-03-02,Hollie,Deinhardt,hdeinhardtrb@scientificamerican.com,232.203.150.72,,TRUE,
985,2017-02-24,Griffy,Kinnier,gkinnierrc@cdc.gov,11.160.237.65,,TRUE,
986,2014-11-03,Nelle,Sleit,nsleitrd@state.gov,139.235.65.113,https://robohash.org/nequevoluptatemiure.png?size=50x50&set=set1,TRUE,
987,2018-04-11,Barnett,McGougan,bmcgouganre@e-recht24.de,232.6.82.97,,TRUE,
988,2015-07-07,Keenan,,karchdeaconrf@cbc.ca,210.88.200.22,,TRUE,
989,2014-01-25,Friedrick,Rait,fraitrg@blogspot.com,,,TRUE,673550
990,2013-10-10,Fredek,Skippings,fskippingsrh@reverbnation.com,195.91.148.9,,TRUE,
991,2018-05-22,Clary,Cottam,ccottamri@homestead.com,250.217.255.254,https://robohash.org/sedfacerealias.png?size=50x50&set=set1,TRUE,999-3776
992,2015-09-10,Dorice,Dalglish,ddalglishrj@nba.com,229.162.122.12,,FALSE,
993,2017-02-15,Cissy,Doggett,cdoggettrk@engadget.com,232.76.11.62,,TRUE,
994,2014-06-13,Pierre,Cettell,pcettellrl@nba.com,98.150.91.97,,FALSE,
995,2018-05-11,Aaren,,aguilletrm@squidoo.com,138.222.144.52,,TRUE,
996,2016-08-23,Grete,Turpie,gturpiern@newyorker.com,113.107.164.236,,TRUE,
997,2017-12-23,Sig,Hassur,shassurro@pinterest.com,,,FALSE,
998,2013-11-21,Roxi,Windmill,rwindmillrp@goo.ne.jp,234.57.234.37,,TRUE,2720
999,2015-10-02,Tawsha,Nurden,tnurdenrq@microsoft.com,,,FALSE,
1000,2013-10-11,Danya,Dodshun,ddodshunrr@tripod.com,,,FALSE,617071